tuber	431_G	432_C	433_T	434_G	435_G	436_A	437_G	438_G	439_A	440_T	441_C	442_C	443_G	444_T	445_A	446_C	447_G	448_A	449_G	450_A	451_A	452_G	453_A	454_T	455_C	456_G	457_G	458_C	459_G	460_C	461_C	462_G	463_A	464_G	465_C	466_T	467_G	468_G	469_T	470_C	471_A	472_A	473_A	474_G	475_A	476_G	477_G	478_T	479_A	480_G	481_C	482_C	483_A	484_A	485_G	486_A	487_A	488_G	489_A	490_C	491_C	492_G	493_A	494_T	495_G	496_A	497_C	498_G	499_T	500_C	501_G	502_C	503_C	504_G	505_G	506_T	507_G	508_A	509_C	510_G	511_G	512_C	513_A	514_C	515_C	516_A	517_C	518_G	519_A	520_C	521_G	522_G	523_C	524_C	525_A	526_C	527_C	528_G	529_T	530_G	531_C	532_T	533_G	534_G	535_C	536_C	537_C	538_A	539_G	540_G	541_C	542_G	543_T	544_T	545_G	546_G	547_T	548_T	549_C	550_G	551_C	552_G	553_A	554_G	555_G	556_G	557_C	558_C	559_T	560_G	561_C	562_G	563_C	564_A	565_A	566_C	567_G	568_T	569_C	570_G	571_C	572_G	573_G	574_C	575_C	576_G	577_G	578_C	579_G	580_C	581_C	582_A	583_A	584_C	585_C	586_C	587_G	588_C	589_T	590_C	591_G	592_G	593_T	594_C	595_T	596_C	597_A	598_A	599_A	600_C	601_G	602_C	603_G	604_G	605_C	606_A	607_T	608_C	609_G	610_A	611_A	612_A	613_A	614_G	615_G	616_C	617_C	618_G	619_T	620_G	621_G	622_A	623_G	624_A	625_A	626_G	627_G	628_T	629_C	630_A	631_C	632_C	633_G	634_A	635_G	636_A	637_C	638_C	639_C	640_T	641_G	642_C	643_T	644_C	645_A	646_A	647_G	648_G	649_G	650_C	651_G	652_C	653_C	654_A	655_A	656_G	657_G	658_A	659_G	660_G	661_T	662_C	663_G	664_A	665_G	666_A	667_C	668_C	669_A	670_A	671_G	672_G	673_A	674_G	675_C	676_A	677_G	678_A	679_T	680_T	681_G	682_C	683_G	684_G	685_C	686_C	687_A	688_C	689_C	690_G	691_C	692_A	693_G	694_C	695_G	696_A	697_T	698_T	699_T	700_C	701_G	702_G	703_C	704_G	705_G	706_G	707_T	708_G	709_A	710_C	711_C	712_A	713_G	714_T	715_C	716_C	717_A	718_T	719_C	720_G	721_G	722_T	723_G	724_A	725_C	726_C	727_T	728_G	729_A	730_T	731_C	732_G	733_C	734_C	735_G	736_A	737_G	738_G	739_C	740_G	741_A	742_T	743_G	744_G	745_A	746_C	747_A	748_A	749_G	750_G	751_T	752_G	753_G	754_G	755_C	756_A	757_A	758_C	759_G	760_A	761_G	762_G	763_G	764_C	765_G	766_T	767_C	768_A	769_T	770_C	771_A	772_C	773_C	774_G	775_T	776_C	777_G	778_A	779_G	780_G	781_A	782_G	783_T	784_C	785_C	786_A	787_A	788_C	789_A	790_C	791_C	792_T	793_T	794_T	795_G	796_G	797_G	798_C	799_T	800_G	801_C	802_A	803_G	804_C	805_T	806_C	tuberculosis
absce		432_C	452_T	472_G	473_A	474_T	492_C	502_G	512_C	513_C	522_T	532_T	542_C	543_C	544_C	545_A	546_A	547_G	552_A	553_T	562_T	572_C	592_C	593_G	594_G	602_G	612_C	632_G	642_G	643_A	672_C	682_G	692_C	693_G	694_T	695_C	696_C	702_C	722_C	732_C	752_T	762_T	792_C	793_C	802_G	abscessus
absce		434_C	454_T	464_G	474_A	475_T	494_C	495_G	514_C	515_C	524_T	525_T	534_C	535_C	544_C	545_A	546_A	547_G	554_A	555_T	556_T	564_C	584_C	594_G	595_G	604_G	614_C	634_G	644_G	645_A	674_C	684_G	685_C	694_G	695_T	696_C	697_C	704_C	714_C	734_C	744_T	764_T	794_C	795_C	804_G	abscessus
absce		433_C	453_T	473_G	474_A	475_T	493_C	503_G	513_C	514_C	523_T	533_T	534_C	543_C	544_C	545_A	546_A	547_G	553_A	554_T	563_T	564_C	593_C	594_G	595_G	603_G	613_C	633_G	643_G	644_A	673_C	683_G	684_C	693_G	694_T	695_C	696_C	703_C	713_C	733_C	743_T	763_T	793_C	794_C	803_G	abscessus
absce		436_C	456_T	466_G	476_A	477_T	486_C	496_G	516_C	517_C	526_T	527_T	536_C	537_C	546_C	547_A	548_A	549_G	550_A	556_T	557_T	566_C	586_C	596_G	597_G	606_G	616_C	636_G	637_G	646_A	676_C	686_G	687_C	688_G	689_T	696_C	697_C	706_C	716_C	736_C	746_T	756_T	786_C	796_C	806_G	abscessus
absce		433_C	453_T	473_G	474_A	475_T	493_C	503_G	513_C	514_C	523_T	533_T	534_C	543_C	544_C	545_A	546_A	547_G	553_A	554_T	563_T	564_C	593_C	594_G	595_G	603_G	613_C	633_G	643_G	644_A	673_C	683_G	684_C	693_G	694_T	695_C	696_C	703_C	713_C	733_C	743_T	763_T	793_C	794_C	803_G	abscessus
absce		435_C	455_T	465_G	475_A	476_T	485_C	495_G	515_C	516_C	525_T	526_T	535_C	536_C	545_C	546_A	547_A	548_G	549_A	555_T	556_T	565_C	585_C	595_G	596_G	605_G	615_C	635_G	636_G	645_A	675_C	685_G	686_C	687_G	695_T	696_C	697_C	705_C	715_C	735_C	745_T	755_T	785_C	795_C	805_G	abscessus
afric		786_G	africanum
afric		786_G	africanum
afric		783_G	africanum
agri		433_C	453_T	473_G	474_A	475_C	493_C	503_C	513_C	514_C	523_T	533_T	543_C	544_T	553_A	593_C	594_G	595_G	603_G	613_T	614_C	633_G	643_G	644_T	645_C	646_G	673_C	683_T	684_G	693_G	694_C	695_C	696_C	703_C	704_C	713_G	714_C	723_G	743_C	793_C	794_C	803_G	agri
aichi		435_C	455_T	465_G	475_A	476_C	485_T	486_C	495_T	496_G	505_C	515_C	516_C	525_C	535_T	536_T	537_C	545_A	555_T	565_T	585_C	595_G	596_G	605_G	615_C	625_A	635_G	636_C	645_A	665_C	675_C	685_C	686_G	695_C	696_C	705_C	706_A	735_C	745_C	755_T	785_G	786_C	795_C	aichiense
aichi		433_C	434_C	453_T	473_G	474_A	475_C	483_T	493_C	494_T	503_G	504_C	513_C	514_C	533_C	534_T	535_T	543_C	553_A	554_T	563_T	593_C	594_G	595_G	603_G	613_C	623_A	633_G	634_C	643_A	673_C	674_C	683_C	693_G	694_C	695_C	703_C	713_A	733_C	743_C	763_T	783_G	793_C	794_C	aichiense
alvei		433_C	453_T	473_C	493_C	503_G	504_C	513_C	514_C	523_T	533_T	534_C	543_C	553_A	554_T	563_T	593_C	594_G	595_G	603_G	613_T	614_C	633_C	643_G	644_T	645_C	653_G	673_C	683_T	684_C	693_G	694_T	695_C	696_C	703_C	713_C	733_C	743_C	763_T	783_G	793_C	794_C	803_G	alvei
aroma		434_C	435_C	464_G	474_A	475_C	484_T	494_C	495_T	504_A	505_T	506_A	514_G	524_A	525_C	526_C	534_T	535_C	536_C	554_A	564_T	584_G	585_C	594_G	604_G	614_C	624_A	634_G	635_C	644_A	674_C	675_C	684_C	694_G	695_C	696_C	704_C	714_A	734_C	744_C	764_T	784_G	794_C	795_C	aromaticivorans
arosi		436_C	437_C	466_G	476_A	477_C	486_C	496_T	506_G	516_G	526_G	546_C	586_G	596_G	597_G	606_G	616_C	636_G	646_T	647_C	648_G	649_T	656_A	666_C	676_C	677_T	686_G	687_G	688_C	696_C	697_C	706_C	716_G	717_C	746_A	747_C	786_C	796_C	arosiense
arosi		436_C	437_C	466_G	476_A	477_C	486_C	496_T	506_G	516_G	526_G	546_C	586_G	596_G	597_G	606_G	616_C	636_G	646_T	647_C	648_G	649_T	656_A	666_C	676_C	677_T	686_G	687_G	688_C	696_C	697_C	706_C	716_G	717_C	746_A	747_C	786_C	796_C	arosiense
arosi		437_C	438_C	467_G	468_A	477_C	487_C	497_T	507_G	517_G	527_G	547_C	587_G	588_G	597_G	607_G	617_C	637_G	647_T	648_C	649_G	650_T	651_A	667_C	677_C	678_T	687_G	688_G	689_C	697_C	698_C	707_C	708_G	717_C	747_A	748_C	787_C	797_C	arosiense
arupe		472_C	492_C	502_G	512_C	513_C	532_C	542_C	543_C	544_C	545_A	546_A	547_G	552_A	562_G	572_C	582_G	592_G	593_G	602_G	612_C	622_C	623_A	624_A	632_A	633_G	634_G	635_T	642_C	643_C	650_C	660_A	670_C	680_C	681_T	682_G	690_C	691_G	692_T	693_C	700_C	701_C	710_A	740_C	750_C	760_T	790_C	791_C	800_G	arupense
arupe		433_C	473_C	493_C	503_G	513_C	514_C	533_C	534_C	543_C	544_C	545_A	546_A	547_G	553_A	563_G	564_C	583_G	593_G	594_G	603_G	613_C	614_C	623_A	624_A	633_A	634_G	635_G	636_T	643_C	644_C	651_C	652_A	671_C	672_C	681_T	682_G	691_C	692_G	693_T	694_C	701_C	702_C	711_A	731_C	751_C	761_T	791_C	792_C	801_G	arupense
arupe		436_C	476_C	486_C	496_G	516_C	517_C	526_C	536_C	537_C	546_C	547_A	548_A	549_G	550_A	566_G	567_C	586_G	596_G	597_G	606_G	616_C	617_C	618_A	626_A	627_A	636_G	637_G	638_T	644_C	645_C	654_C	655_A	674_C	675_C	684_T	685_G	686_C	694_G	695_T	696_C	697_C	704_C	714_A	734_C	744_C	764_T	794_C	795_C	804_G	arupense
arupe		435_C	475_C	485_C	495_G	515_C	516_C	525_C	535_C	536_C	545_C	546_A	547_A	548_G	549_A	565_G	566_C	585_G	595_G	596_G	605_G	615_C	616_C	617_A	625_A	635_A	636_G	637_G	638_T	644_C	645_C	653_C	654_A	673_C	674_C	683_T	684_G	685_C	693_G	694_T	695_C	696_C	703_C	713_A	733_C	743_C	763_T	793_C	794_C	803_G	arupense
asiat		435_C	465_G	475_A	476_C	485_C	495_G	535_A	536_C	545_C	546_A	547_A	548_G	565_T	566_C	575_A	585_G	586_C	595_G	596_G	605_G	615_C	625_C	645_C	646_T	654_C	674_C	684_G	694_G	695_T	696_C	704_C	714_G	715_C	744_A	745_C	764_T	794_C	795_C	asiaticum
asiat		436_C	466_G	476_A	477_C	486_C	496_G	536_A	537_C	546_C	547_A	548_A	549_G	566_T	567_C	568_A	586_G	587_C	596_G	597_G	606_G	616_C	626_C	646_C	647_T	655_C	675_C	685_G	686_G	695_T	696_C	705_C	715_G	716_C	745_A	746_C	755_T	785_C	795_C	asiaticum
aubag		436_C	456_T	466_G	476_A	477_T	486_G	487_C	506_C	507_A	516_C	517_C	536_T	537_C	538_C	546_A	566_T	586_C	596_G	597_G	606_G	616_C	617_G	618_C	626_C	627_C	636_T	637_G	638_G	639_G	646_C	647_T	648_C	656_C	657_A	666_A	676_C	677_T	686_C	687_G	688_C	696_C	697_C	726_C	727_T	736_C	746_C	756_T	776_A	777_G	786_C	796_C	806_G	aubagnense
aubag		431_C	461_T	471_G	472_A	473_T	491_G	492_C	501_C	511_A	512_C	521_C	531_T	541_C	542_C	551_A	571_T	591_C	592_G	593_G	611_G	612_C	621_G	622_C	623_C	631_C	632_T	633_G	641_G	642_G	643_C	644_T	645_C	651_C	652_A	671_A	672_C	681_T	691_C	692_G	693_C	694_C	701_C	721_C	731_T	732_C	751_C	761_T	781_A	782_G	791_C	792_C	801_G	aubagnense
aurum		439_C	459_A	469_G	470_A	479_C	489_T	490_C	499_A	500_C	509_C	529_C	539_T	540_C	549_A	550_T	569_A	589_C	590_G	599_G	609_G	610_T	619_C	620_G	621_C	622_C	629_C	630_G	639_G	640_T	649_C	659_G	679_C	680_T	689_C	690_C	699_C	700_C	717_C	718_G	727_C	737_C	747_C	757_T	777_G	787_C	797_C	798_G	aurum
aurum		433_C	453_A	473_G	474_A	475_C	483_T	493_C	503_A	504_C	513_C	533_C	534_T	543_C	553_A	554_T	563_A	593_C	594_G	595_G	603_G	613_T	614_C	623_G	624_C	625_C	633_C	634_G	643_G	644_T	645_C	653_G	673_C	683_T	684_C	693_C	694_C	703_C	721_C	722_G	723_C	731_C	751_C	761_T	781_G	791_C	792_C	801_G	aurum
austr		443_C	453_T	473_G	474_A	475_T	483_T	493_C	503_C	513_C	514_C	533_C	534_A	543_C	544_C	545_T	563_T	564_G	565_C	573_G	593_C	594_G	603_G	613_C	633_G	634_T	643_G	644_T	645_C	646_G	653_A	673_C	683_T	684_C	693_C	703_C	704_C	720_C	721_G	722_C	740_C	750_C	760_T	780_A	781_G	790_T	791_C	792_C	austroafricanum
avium		avium_subsp_avium
avium		436_C	466_G	476_A	477_C	486_C	506_G	526_G	527_C	546_C	586_G	596_G	606_G	616_C	646_T	647_C	648_G	666_C	676_C	677_T	686_G	687_C	696_C	697_C	706_C	716_G	717_C	746_C	786_C	796_C	avium_subsp_avium
avium		436_C	466_G	476_A	477_C	486_C	506_G	526_G	527_C	546_C	586_G	596_G	606_G	616_C	646_T	647_C	648_G	666_C	676_C	677_T	686_G	687_C	696_C	697_C	706_C	716_G	717_C	746_C	786_C	796_C	avium_subsp_avium
avium		436_C	466_G	476_A	477_C	486_C	506_G	526_G	527_C	546_C	586_G	596_G	606_G	616_C	646_T	647_C	648_G	666_C	676_C	677_T	686_G	687_C	696_C	697_C	706_C	716_G	717_C	746_C	786_C	796_C	avium_subsp_avium
avium		433_C	473_G	474_A	475_C	493_C	513_G	523_G	533_C	543_C	583_G	593_G	603_G	613_C	643_T	644_C	645_G	673_C	674_C	683_T	684_G	693_C	694_C	695_C	703_C	713_G	714_C	743_C	793_C	794_C	avium_subsp_avium
avium		435_C	465_G	475_A	476_C	485_C	515_G	525_G	526_C	545_C	585_G	595_G	605_G	615_C	645_T	646_C	647_G	665_C	675_C	676_T	685_G	695_C	696_C	697_C	705_C	715_G	716_C	745_C	785_C	795_C	avium_subsp_paratuberculosis
avium		433_C	473_G	474_A	475_C	493_C	513_G	523_G	533_C	543_C	583_G	593_G	603_G	613_C	643_T	644_C	645_G	673_C	674_C	683_T	684_G	693_C	694_C	695_C	703_C	713_G	714_C	743_C	793_C	794_C	avium_subsp_paratuberculosis
avium		avium_subsp_silvaticum
avium		433_C	473_G	474_A	475_C	493_C	513_G	523_G	533_C	543_C	583_G	593_G	603_G	613_C	643_T	644_C	645_G	673_C	674_C	683_T	684_G	693_C	694_C	695_C	703_C	713_G	714_C	743_C	793_C	794_C	avium_subsp_silvaticum
boeni		434_C	454_T	474_C	494_C	495_G	504_C	514_C	515_C	524_T	534_C	535_C	554_A	555_T	564_T	584_C	594_G	595_G	604_G	614_C	634_C	644_G	645_T	646_C	654_G	674_C	675_T	684_C	694_G	695_T	696_C	697_C	704_C	705_A	714_C	734_C	744_C	764_T	774_A	784_G	794_C	795_C	796_C	804_G	boenickei
bohem		433_C	473_G	474_A	475_T	493_C	494_G	513_G	523_G	543_C	544_C	545_C	546_A	547_A	548_G	553_T	563_G	583_G	584_C	593_G	594_G	595_T	603_G	613_C	643_G	644_T	645_C	646_G	653_C	673_C	683_C	684_C	693_C	694_C	703_C	713_G	714_C	743_C	793_C	794_C	bohemicum
bolle		438_C	458_T	468_G	469_A	478_T	488_C	498_G	518_C	519_C	528_C	538_T	539_C	548_C	549_A	550_A	551_G	552_A	553_T	558_T	568_C	588_C	589_G	598_G	599_T	600_T	608_G	618_C	638_G	648_A	678_C	688_G	689_C	690_G	691_T	698_C	699_C	700_C	718_C	738_C	748_T	758_T	788_C	789_C	798_G	bolletii
bolle		435_C	455_T	465_G	475_A	476_T	485_C	495_G	515_C	516_C	525_C	535_T	536_C	545_C	546_A	547_A	548_G	549_A	555_T	556_T	565_C	585_C	595_G	596_G	597_T	605_T	606_G	615_C	635_G	645_A	675_C	685_G	686_C	687_G	695_T	696_C	697_C	705_C	715_C	735_C	745_T	755_T	785_C	795_C	805_G	bolletii
bolle		436_C	456_T	466_G	476_A	477_T	486_C	496_G	516_C	517_C	526_C	536_T	537_C	546_C	547_A	548_A	549_G	550_A	556_T	557_T	566_C	586_C	596_G	597_G	598_T	599_T	606_G	616_C	636_G	646_A	676_C	686_G	687_C	688_G	689_T	696_C	697_C	706_C	716_C	736_C	746_T	756_T	786_C	796_C	806_G	bolletii
bolle		431_C	461_T	471_G	472_A	473_T	491_C	501_G	511_C	521_C	531_C	541_T	542_C	543_C	544_A	545_A	551_G	552_A	553_T	561_T	571_C	591_C	592_G	593_G	601_T	602_T	611_G	612_C	631_G	641_A	671_C	681_G	691_C	692_G	693_T	694_C	701_C	702_C	721_C	731_C	751_T	761_T	791_C	792_C	801_G	bolletii
botni		433_C	443_C	444_A	453_T	473_G	474_A	475_C	493_C	494_T	503_C	504_T	513_G	533_A	534_A	543_C	544_G	545_A	553_T	563_T	564_G	565_C	573_T	583_G	593_T	594_G	595_G	603_A	604_G	613_A	614_C	623_A	624_A	633_A	634_G	643_A	644_C	663_A	673_C	683_G	693_C	694_C	695_C	703_C	713_G	714_C	723_T	733_C	743_C	763_T	764_G	773_A	793_C	794_C	803_G	botniense
bouch		434_C	464_G	474_A	475_C	494_C	514_G	524_G	525_C	544_C	584_G	594_G	604_G	614_C	644_T	645_C	646_G	674_C	675_C	676_T	684_G	694_C	695_C	696_C	704_C	714_G	715_C	744_C	794_C	795_C	804_A	bouchedurhonense
brand		433_C	443_C	473_G	474_A	475_C	493_C	503_G	504_T	513_G	543_C	544_C	545_A	546_A	547_G	563_C	573_T	583_G	593_C	594_G	595_G	603_G	613_C	633_G	673_C	683_T	684_G	693_C	694_C	695_C	703_C	704_C	713_G	714_C	743_C	763_T	793_C	794_C	branderi
brisb		434_C	454_T	474_C	494_C	495_G	504_C	514_C	515_C	524_T	534_C	535_C	554_A	564_T	584_C	594_G	595_G	604_G	614_C	634_G	644_G	645_A	654_G	674_C	675_T	684_C	694_G	695_T	696_C	697_C	704_C	705_A	734_C	744_C	764_T	774_A	784_G	brisbanense
brisb		436_C	456_T	476_C	486_C	496_G	506_C	516_C	517_C	526_T	536_C	537_C	546_A	566_T	586_C	596_G	597_G	606_G	616_C	636_G	637_G	646_A	656_G	676_C	677_T	686_C	687_G	688_T	696_C	697_C	698_C	706_A	736_C	746_C	756_T	776_A	777_G	786_C	806_G	brisbanense
brisb		438_C	458_T	478_C	488_C	498_G	499_C	518_C	519_C	528_T	538_C	539_C	548_A	568_T	588_C	589_G	598_G	608_G	618_C	638_G	639_G	648_A	658_G	678_C	679_T	688_C	689_G	690_T	698_C	699_C	700_C	701_A	738_C	748_C	758_T	778_A	779_G	788_C	798_G	brisbanense
bruma		433_C	453_T	473_G	474_A	475_C	493_C	503_G	504_C	513_C	514_C	533_T	534_C	543_C	553_A	554_T	593_C	594_G	603_G	613_C	623_C	624_C	625_A	633_A	643_G	644_T	645_C	673_C	683_C	693_G	694_C	695_T	703_C	713_A	714_C	733_C	743_C	763_T	793_C	794_C	803_G	brumae
canar		436_C	456_T	476_C	486_C	496_G	506_C	516_C	517_C	526_C	536_C	537_C	546_A	556_T	566_T	586_C	596_G	597_G	606_G	616_T	617_C	618_G	619_C	626_C	627_C	628_T	636_C	637_G	638_G	639_T	646_C	647_A	648_C	676_C	677_T	686_C	687_G	688_T	696_C	697_C	716_G	717_C	736_A	737_C	738_C	746_C	756_T	786_C	796_C	806_G	canariasense
canar		439_C	459_T	479_C	489_C	499_G	500_C	509_C	519_C	529_C	539_C	540_C	549_A	559_T	569_T	589_C	590_G	599_G	609_G	610_T	619_C	620_G	621_C	622_C	629_C	630_T	631_C	632_G	639_G	640_T	641_C	642_A	649_C	679_C	680_T	689_C	690_G	691_T	692_C	699_C	709_G	719_C	739_A	740_C	741_C	749_C	759_T	789_C	790_C	799_G	canariasense
celat		436_C	437_C	446_A	466_G	476_A	477_C	486_C	496_G	506_T	507_G	526_G	536_C	546_C	547_A	548_A	549_G	566_C	586_C	596_G	597_G	606_G	616_C	636_G	676_T	686_G	687_C	696_C	697_C	698_C	706_C	716_G	717_C	736_C	746_C	786_C	796_C	celatum
celat		435_C	436_C	445_A	465_G	475_A	476_C	485_C	495_G	505_T	515_G	525_G	535_C	545_C	546_A	547_A	548_G	565_C	585_C	595_G	596_G	605_G	615_C	635_G	675_T	685_G	695_C	696_C	697_C	698_C	705_C	715_G	716_C	735_C	745_C	785_C	795_C	celatum
celat		433_C	443_C	444_A	473_G	474_A	475_C	493_C	503_G	504_T	513_G	523_G	543_C	544_C	545_A	546_A	547_G	563_C	593_C	594_G	595_G	603_G	613_C	633_G	683_T	684_G	693_C	694_C	695_C	703_C	704_C	713_G	714_C	733_C	743_C	793_C	794_C	celatum
chelo		433_C	453_T	473_G	474_A	475_T	483_T	493_C	503_G	513_T	514_T	515_C	533_T	534_T	543_C	544_C	545_A	546_A	547_G	553_A	554_T	563_T	564_T	593_C	594_G	595_G	603_G	623_G	624_C	625_C	633_T	634_T	642_G	643_G	644_C	645_T	646_C	652_A	662_T	663_C	672_C	692_G	693_G	694_C	695_C	696_C	722_T	732_C	752_C	762_T	792_C	793_C	802_G	chelonae
chelo		436_C	456_T	466_G	476_A	477_T	486_T	487_C	496_G	506_T	516_T	517_C	526_T	536_T	537_C	546_C	547_A	548_A	549_G	550_A	556_T	557_T	566_T	586_C	596_G	597_G	606_G	616_G	617_C	626_C	636_T	637_T	638_G	645_G	646_C	647_T	648_C	655_A	656_T	665_C	675_C	685_G	686_G	695_C	696_C	697_C	725_T	735_C	745_C	755_T	785_C	795_C	805_G	chelonae
chelo		433_C	453_T	473_G	474_A	475_T	483_T	493_C	503_G	513_T	514_T	515_C	533_T	534_T	543_C	544_C	545_A	546_A	547_G	553_A	554_T	563_T	564_T	593_C	594_G	595_G	603_G	623_G	624_C	625_C	633_T	634_T	642_G	643_G	644_C	645_T	646_C	652_A	662_T	663_C	672_C	692_G	693_G	694_C	695_C	696_C	722_T	732_C	752_C	762_T	792_C	793_C	802_G	chelonae
chima		chimaera
chima		434_C	435_T	464_G	474_A	475_C	494_C	495_T	514_G	524_G	525_T	544_C	554_T	564_C	584_G	594_G	604_G	614_C	644_T	645_C	646_G	674_C	675_C	676_T	684_G	704_C	714_G	724_C	744_C	794_C	795_C	chimaera
chima		436_C	437_T	466_G	476_A	477_C	486_C	496_T	506_G	526_G	527_T	546_C	556_T	566_C	586_G	596_G	606_G	616_C	646_T	647_C	648_G	666_C	676_C	677_T	686_G	706_C	716_G	726_C	746_C	786_C	796_C	chimaera
chita		435_C	465_G	475_A	476_C	485_T	486_C	505_C	515_C	516_C	525_T	535_C	545_A	555_T	585_C	595_G	596_G	605_G	615_C	625_C	626_C	627_T	628_G	635_A	645_T	646_C	647_G	675_C	676_C	685_C	686_G	695_C	696_C	705_C	733_C	763_T	793_C	794_C	803_G	chitae
chita		433_C	473_G	474_A	475_C	483_T	493_C	503_C	513_C	514_C	523_T	543_C	553_A	554_T	593_C	594_G	595_G	603_G	613_C	623_C	624_C	625_T	626_G	633_A	643_T	644_C	645_G	673_C	683_C	684_C	693_G	694_C	695_C	703_C	731_C	761_T	791_C	792_C	801_G	chitae
chlor		433_C	473_G	474_A	475_C	493_C	503_G	513_C	514_C	533_A	543_C	544_T	563_G	564_T	593_C	594_G	603_G	613_C	633_G	643_G	644_T	645_C	646_G	673_C	683_T	684_C	693_C	694_C	703_C	704_C	720_C	721_G	722_C	740_C	750_C	760_T	780_G	790_C	791_C	chlorophenolicum
chubu		433_C	473_G	474_A	475_C	476_A	493_C	503_G	513_C	514_C	533_A	543_C	544_C	563_G	564_T	593_G	594_G	603_G	613_C	633_G	643_G	644_T	645_C	646_G	673_C	683_T	684_C	693_C	694_C	703_C	704_C	720_C	721_G	722_C	740_C	750_C	760_T	780_G	790_C	791_C	chubuense
colom		437_C	467_G	468_A	477_C	487_C	507_G	527_G	528_T	547_C	587_G	588_G	597_G	607_G	617_C	647_T	648_C	649_G	650_A	667_G	668_C	677_C	678_T	687_G	688_C	697_C	698_C	707_C	708_G	717_C	747_C	787_C	797_C	colombiense
colom		436_C	466_G	476_A	477_C	486_C	506_G	526_G	527_T	546_C	586_G	596_G	597_G	606_G	616_C	646_T	647_C	648_G	656_A	666_G	667_C	676_C	677_T	686_G	687_C	696_C	697_C	706_C	716_G	717_C	746_C	786_C	796_C	colombiense
confl		433_C	453_T	473_C	493_C	503_T	504_C	513_C	514_C	533_C	534_T	543_C	553_A	554_G	563_C	593_C	594_G	595_G	603_G	613_C	623_A	624_G	643_G	644_C	645_T	646_C	647_G	653_A	654_A	663_T	673_C	683_T	684_T	685_T	693_G	694_T	695_C	696_T	703_T	704_C	713_A	723_T	733_C	743_C	763_T	793_C	794_C	803_G	confluentis
consp		433_C	473_G	474_C	493_C	513_G	523_T	524_G	543_C	544_C	545_C	546_A	547_A	548_G	583_G	593_C	594_G	603_G	613_C	643_T	644_C	645_G	653_C	654_G	673_C	683_T	684_G	693_C	694_C	695_C	703_C	713_G	714_C	723_T	743_C	763_T	783_G	793_C	794_C	conspicuum
cooki		433_C	443_C	473_G	474_A	475_C	493_C	513_C	514_C	533_T	534_C	543_C	544_C	545_A	546_A	547_A	553_T	563_G	583_G	593_C	594_G	603_G	613_C	623_A	633_T	643_G	644_T	645_C	646_G	653_C	673_C	683_T	684_C	693_C	694_C	703_C	713_G	743_C	753_A	793_C	794_C	cookie
cosme		434_C	435_C	454_T	474_C	494_C	495_G	504_C	514_C	515_C	524_C	534_C	535_C	554_A	564_T	584_C	594_G	595_G	604_G	614_T	615_C	624_G	625_C	626_C	634_C	635_T	636_C	637_G	644_G	645_T	646_C	647_A	648_C	674_C	675_T	684_C	694_G	695_T	696_C	704_C	714_G	715_C	734_C	735_C	744_C	764_T	794_C	795_C	804_G	cosmeticum
cosme		436_C	456_T	476_C	486_C	496_G	506_C	516_C	517_C	526_C	536_C	537_C	546_A	566_T	586_C	596_G	597_G	606_G	616_T	617_C	618_G	619_C	626_C	627_C	628_T	636_C	637_G	638_G	639_T	646_C	647_A	648_C	676_C	677_T	686_C	687_G	688_T	696_C	697_C	716_G	717_C	736_C	737_C	746_C	756_T	786_C	796_C	806_G	cosmeticum
croci		433_C	434_C	473_G	474_A	475_C	483_T	493_C	503_G	504_C	513_C	514_C	523_T	533_T	534_C	543_C	553_A	554_T	563_T	593_C	594_G	595_G	603_G	613_C	623_A	633_G	634_C	643_A	673_C	674_C	683_C	693_G	694_C	695_C	703_C	713_A	733_C	743_C	763_T	783_G	793_C	794_C	803_G	crocinum
diern		433_C	453_T	473_G	474_A	475_T	483_G	493_C	503_G	504_C	513_C	514_C	533_A	543_C	553_A	593_C	594_G	595_G	603_G	613_T	614_C	623_G	624_C	625_T	633_C	634_T	635_C	636_G	643_T	644_C	645_C	646_A	647_C	653_A	663_C	673_C	683_T	684_G	693_G	694_T	695_C	696_C	703_C	733_C	743_C	763_T	793_C	794_C	diernhoferi
doric		433_C	473_C	493_C	513_C	514_C	533_C	543_C	544_C	545_C	563_G	564_T	573_T	593_C	594_G	603_G	613_C	633_G	643_G	644_T	645_C	673_C	683_T	684_C	693_G	694_A	695_C	696_T	703_C	723_T	733_A	734_C	743_C	763_T	773_T	774_A	793_C	794_C	doricum
duval		433_C	443_C	473_G	474_A	475_C	493_C	503_A	513_C	543_C	544_C	563_T	564_C	583_A	584_G	585_C	593_C	594_G	595_T	603_G	613_T	614_C	623_G	633_A	634_G	635_G	636_C	643_A	653_A	673_C	683_T	684_C	693_C	703_C	704_C	720_G	721_C	750_C	760_T	780_G	790_C	duvalii
eleph		433_C	473_G	474_A	475_C	493_C	503_C	513_C	514_C	543_C	544_C	545_G	563_T	573_G	574_G	593_C	594_G	595_T	603_G	613_C	623_A	643_G	644_T	645_C	646_G	673_C	674_C	683_C	684_C	693_C	703_C	704_T	713_C	714_A	715_G	723_G	743_C	763_T	783_G	784_C	785_G	793_C	803_G	elephantis
falla		436_C	466_G	476_A	477_C	486_C	496_G	506_C	516_C	517_C	536_T	537_C	546_T	586_C	596_G	597_G	606_G	616_C	626_T	627_T	628_T	629_C	646_C	673_C	683_T	684_C	693_G	694_C	695_C	703_C	713_A	743_C	763_T	793_C	803_G	fallax
falla		433_C	473_G	474_A	475_C	493_C	503_G	504_C	513_C	514_C	533_T	534_C	543_T	593_C	594_G	595_G	603_G	613_C	623_T	624_T	633_T	634_C	643_C	680_C	681_T	690_C	691_G	692_C	700_C	701_C	710_A	750_C	760_T	790_C	800_G	fallax
farci		433_C	453_T	463_C	473_C	493_C	503_G	504_C	513_C	514_C	523_T	533_C	543_C	553_A	554_T	563_T	593_C	594_G	595_G	603_G	613_C	633_G	643_A	653_G	673_C	683_T	684_C	693_G	694_T	695_C	696_C	703_C	733_C	743_C	763_T	783_A	784_G	793_C	794_C	803_G	farcinogenes
farci		435_C	455_T	465_C	475_C	485_C	495_G	505_C	515_C	516_C	525_T	535_C	536_C	545_A	555_T	565_T	585_C	595_G	596_G	605_G	615_C	635_G	645_A	655_G	675_C	676_T	685_C	686_G	695_T	696_C	697_C	698_C	735_C	745_C	755_T	775_A	776_G	785_C	795_C	805_G	farcinogenes
farci		433_C	453_T	463_C	473_C	493_C	503_G	504_C	513_C	514_C	523_T	533_C	543_C	553_A	554_T	563_T	593_C	594_G	595_G	603_G	613_C	633_G	643_A	653_G	673_C	683_T	684_C	693_G	694_T	695_C	696_C	703_C	733_C	743_C	763_T	783_A	784_G	793_C	794_C	803_G	farcinogenes
flave		500_G	501_C	510_C	520_C	540_C	541_C	542_G	550_T	580_A	590_G	591_C	592_G	593_G	594_G	600_T	610_G	620_C	630_G	640_G	641_T	642_C	650_G	680_C	681_T	690_C	691_C	700_C	701_C	717_C	718_G	737_C	flavescens
flave		436_C	456_T	466_G	476_A	477_C	486_C	496_G	506_C	516_C	517_C	536_C	537_C	546_G	556_T	586_A	587_G	588_C	589_G	596_G	597_G	598_T	606_G	616_C	636_G	637_G	646_T	647_C	648_G	676_C	677_T	686_C	696_C	697_C	706_C	713_C	723_G	733_C	743_C	763_T	793_C	flavescens
flore		431_C	471_G	472_A	473_T	491_C	492_T	511_G	531_T	541_A	542_C	543_C	544_C	545_A	546_A	551_A	561_A	581_G	591_G	611_G	612_C	621_A	641_G	642_T	643_C	644_G	651_C	671_C	681_T	682_G	691_T	692_G	693_T	694_C	701_C	702_T	711_G	721_C	751_C	791_C	792_C	florentinum
flore		436_C	466_G	476_A	477_T	486_C	496_T	506_G	536_T	537_A	538_C	539_C	546_C	547_A	548_A	549_A	566_A	586_G	596_G	606_G	616_C	626_A	636_G	646_T	647_C	648_G	656_C	676_C	677_T	686_G	687_T	688_G	689_T	696_C	706_C	707_T	716_G	717_C	746_C	786_C	796_C	florentinum
fluor		439_C	479_C	499_G	500_C	509_C	519_C	539_C	549_A	550_T	589_C	590_G	599_G	600_T	609_G	610_T	619_C	620_G	621_C	622_T	629_C	630_T	631_C	632_G	639_T	640_C	641_A	649_C	650_A	679_C	680_T	689_G	690_G	691_C	692_C	699_C	700_C	709_G	739_T	740_C	749_C	759_T	789_C	790_T	799_G	fluoranthenivorans
fluor		436_C	476_C	496_G	506_C	516_C	517_C	536_C	546_A	556_T	586_C	596_G	597_G	598_T	606_G	616_T	617_C	618_G	619_C	626_T	627_C	628_T	636_C	637_G	638_T	646_C	647_A	648_C	656_A	676_C	677_T	686_G	687_G	688_C	696_C	697_C	698_C	716_G	736_T	737_C	746_C	756_T	786_C	796_T	806_G	fluoranthenivorans
fortu		436_C	456_T	466_C	476_C	486_C	496_G	506_C	516_C	517_C	526_T	536_A	537_C	538_C	546_T	547_A	556_T	566_T	586_C	596_G	597_G	606_G	616_C	636_G	637_G	646_A	656_G	676_C	677_T	686_C	687_G	688_T	696_C	697_C	698_C	736_C	746_C	756_T	776_A	777_G	786_C	796_C	806_G	fortuitum_subsp_acetamidolyticum
fortu		433_C	453_T	463_C	473_C	493_C	503_G	504_C	513_C	514_C	523_T	533_A	534_C	543_C	544_T	553_A	554_T	563_T	593_C	594_G	595_G	603_G	613_C	633_G	643_G	644_A	653_G	673_C	683_T	684_C	693_G	694_T	695_C	696_C	703_C	733_C	743_C	763_T	783_A	784_G	793_C	794_C	803_G	fortuitum_subsp_acetamidolyticum
fortu		436_C	456_T	466_G	476_A	477_C	486_T	487_C	496_G	516_C	517_C	526_T	536_C	537_C	546_T	547_A	556_T	566_T	586_C	596_G	597_G	606_G	616_C	636_G	646_A	656_G	676_C	677_T	686_C	687_G	688_T	696_C	697_C	698_C	736_C	746_C	756_T	776_A	777_G	786_C	796_C	806_G	fortuitum_subsp_acetamidolyticum
fortu		436_C	456_T	466_G	476_A	477_C	486_T	487_C	496_G	516_C	517_C	526_T	536_C	537_C	546_T	547_A	556_T	566_T	586_C	596_G	597_G	606_G	616_C	636_G	646_A	656_G	676_C	677_T	686_C	687_G	688_T	696_C	697_C	698_C	736_C	746_C	756_T	776_A	777_G	786_C	796_C	806_G	fortuitum_subsp_acetamidolyticum
fortu		436_C	456_T	466_G	476_A	477_C	486_T	487_C	496_G	516_C	517_C	526_T	536_C	537_C	546_T	547_A	556_T	566_T	586_C	596_G	597_G	606_G	616_C	636_G	646_A	656_G	676_C	677_T	686_C	687_G	688_T	696_C	697_C	698_C	736_C	746_C	756_T	776_A	777_G	786_C	796_C	806_G	fortuitum_subsp_acetamidolyticum
fortu		436_C	456_T	466_G	476_A	477_C	486_T	487_C	496_G	516_C	517_C	526_T	536_C	537_C	546_T	547_A	556_T	566_T	586_C	596_G	597_G	606_G	616_C	636_G	646_A	656_G	676_C	677_T	686_C	687_G	688_T	696_C	697_C	698_C	716_C	736_C	746_C	756_T	776_A	777_G	786_C	796_T	797_C	806_G	fortuitum_subsp_acetamidolyticum
fortu		436_C	456_T	466_G	476_A	477_T	486_C	496_G	506_G	536_C	546_C	547_A	548_A	549_G	550_A	566_T	576_T	596_G	597_G	606_G	616_A	617_C	636_T	646_T	647_C	648_G	656_A	676_C	686_G	687_C	696_C	697_C	698_C	706_C	716_G	717_C	786_C	796_C	fortuitum_subsp_acetamidolyticum
fortu		436_C	456_T	466_G	476_A	477_C	486_T	487_C	496_G	516_C	517_C	526_T	536_C	537_C	546_T	547_A	556_T	566_T	586_C	596_G	597_G	606_G	616_C	636_G	646_A	656_G	676_C	677_T	686_C	687_G	688_T	696_C	697_C	698_C	736_C	746_C	756_T	776_A	777_G	786_C	796_C	797_C	806_G	fortuitum_subsp_acetamidolyticum
fortu		436_C	456_T	466_G	476_A	477_C	486_T	487_C	496_G	516_C	517_C	526_T	536_C	537_C	546_T	547_A	556_T	566_T	586_C	596_G	597_G	606_G	616_C	636_G	646_A	656_G	676_C	677_T	686_C	687_G	688_T	696_C	697_C	698_C	736_C	746_C	756_T	776_A	777_G	786_C	796_C	806_G	fortuitum_subsp_acetamidolyticum
fortu		436_C	456_T	466_G	476_A	477_C	486_T	487_C	496_G	516_C	517_C	526_T	536_C	537_C	546_T	547_A	556_T	566_T	586_C	596_G	597_G	606_G	616_C	636_G	646_A	656_G	676_C	677_T	686_C	687_G	688_T	696_C	697_C	698_C	736_C	746_C	756_T	776_A	777_G	786_C	796_C	806_G	fortuitum_subsp_acetamidolyticum
fortu		436_C	456_T	466_G	476_A	477_T	486_C	496_G	506_G	536_C	546_C	547_A	548_A	549_G	550_A	566_T	576_T	596_G	597_G	606_G	616_A	617_C	636_T	646_T	647_C	648_G	656_A	676_C	686_G	687_C	696_C	697_C	698_C	706_C	716_G	717_C	786_C	796_C	fortuitum_subsp_acetamidolyticum
fortu		436_C	456_T	466_G	476_A	477_C	486_T	487_C	496_G	516_C	517_C	526_T	536_C	537_C	546_T	547_A	556_T	566_T	586_C	596_G	597_G	606_G	616_C	636_G	646_A	656_G	676_C	677_T	686_C	687_G	688_T	696_C	697_C	698_C	736_C	746_C	756_T	776_A	777_G	786_C	796_C	806_G	fortuitum_subsp_acetamidolyticum
fortu		436_C	456_T	466_G	476_A	477_T	486_C	496_G	506_G	536_C	546_C	547_A	548_A	549_G	550_A	566_T	576_T	596_G	597_G	606_G	616_A	617_C	636_T	646_T	647_C	648_G	656_A	676_C	686_G	687_C	696_C	697_C	698_C	706_C	716_G	717_C	786_C	796_C	fortuitum_subsp_acetamidolyticum
fortu		436_C	456_T	466_G	476_A	477_T	486_C	496_G	506_G	536_C	546_C	547_A	548_A	549_G	550_A	566_T	576_T	596_G	597_G	606_G	616_A	617_C	636_T	646_T	647_C	648_G	656_A	676_C	686_G	687_C	696_C	697_C	698_C	706_C	716_G	717_C	786_C	796_C	fortuitum_subsp_acetamidolyticum
fortu		436_C	456_T	466_G	476_A	477_T	486_C	496_G	506_G	536_C	546_C	547_A	548_A	549_G	550_A	566_T	576_T	596_G	597_G	606_G	616_A	617_C	636_T	646_T	647_C	648_G	656_A	676_C	686_G	687_C	696_C	697_C	698_C	706_C	716_G	717_C	786_C	796_C	fortuitum_subsp_acetamidolyticum
fortu		436_C	456_T	466_G	476_A	477_T	486_C	496_G	506_G	536_C	546_C	547_A	548_A	549_G	550_A	566_T	576_T	596_G	597_G	606_G	616_A	617_C	636_T	646_T	647_C	648_G	656_A	676_C	686_G	687_C	696_C	697_C	698_C	706_C	716_G	717_C	786_C	796_C	fortuitum_subsp_acetamidolyticum
fortu		436_C	456_T	466_G	476_A	477_C	486_T	487_C	496_G	516_C	517_C	526_T	536_C	537_C	546_T	547_A	556_T	566_T	586_C	596_G	597_G	606_G	616_C	636_G	646_A	656_G	676_C	677_T	686_C	687_G	688_T	696_C	697_C	698_C	736_C	746_C	756_T	776_A	777_G	786_C	796_C	806_G	fortuitum_subsp_acetamidolyticum
fortu		436_C	456_T	466_G	476_A	477_C	486_T	487_C	496_G	516_C	517_C	526_T	536_C	537_C	546_T	547_A	556_T	566_T	586_C	596_G	597_G	606_G	616_C	636_G	646_A	656_G	676_C	677_T	686_C	687_G	688_T	696_C	697_C	698_C	736_C	746_C	756_T	776_A	777_G	786_C	796_C	806_G	fortuitum_subsp_acetamidolyticum
fortu		436_C	456_T	466_G	476_A	477_C	486_T	487_C	496_G	516_C	517_C	526_T	536_C	537_C	546_T	547_A	556_T	566_T	586_C	596_G	597_G	606_G	616_C	636_G	646_A	656_G	676_C	677_T	686_C	687_G	688_T	696_C	697_C	698_C	736_C	746_C	756_T	776_A	777_G	786_C	796_C	806_G	fortuitum_subsp_acetamidolyticum
fortu		436_C	456_T	466_G	476_A	477_C	486_T	487_C	496_G	516_C	517_C	526_T	536_C	537_C	546_T	547_A	556_T	566_T	586_C	596_G	597_G	606_G	616_C	636_G	646_A	656_G	676_C	677_T	686_C	687_G	688_T	696_C	697_C	698_C	716_C	736_C	746_C	756_T	776_A	777_G	786_C	796_T	797_C	806_G	fortuitum_subsp_acetamidolyticum
fortu		436_C	456_T	466_G	476_A	477_C	486_T	487_C	496_G	516_C	517_C	526_T	536_C	537_C	546_T	547_A	556_T	566_T	586_C	596_G	597_G	606_G	616_C	636_G	646_A	656_G	676_C	677_T	686_C	687_G	688_T	696_C	697_C	698_C	716_C	736_C	746_C	756_T	776_A	777_G	786_C	796_T	797_C	806_G	fortuitum_subsp_acetamidolyticum
fortu		436_C	456_T	466_G	476_A	477_C	486_T	487_C	496_G	516_C	517_C	526_T	536_C	537_C	546_T	547_A	556_T	566_T	586_C	596_G	597_G	606_G	616_C	636_G	646_A	656_G	676_C	677_T	686_C	687_G	688_T	696_C	697_C	698_C	736_C	746_C	756_T	776_A	777_G	786_C	796_C	806_G	fortuitum_subsp_acetamidolyticum
fortu		436_C	456_T	476_C	486_C	496_G	516_C	517_C	526_T	536_C	537_C	546_A	556_T	566_T	586_C	596_G	597_G	606_G	616_T	617_C	636_C	637_G	646_T	647_C	656_G	676_C	677_T	686_C	687_G	688_T	696_C	697_C	698_C	706_A	716_C	736_C	746_C	756_T	776_A	777_G	786_C	806_G	fortuitum_subsp_acetamidolyticum
fortu		436_C	466_G	476_A	477_C	486_C	516_C	536_G	537_C	546_C	547_A	548_A	549_G	550_A	566_T	586_T	587_G	588_C	596_G	606_G	616_C	626_C	646_C	647_T	655_C	675_C	685_G	686_G	695_T	696_C	697_C	705_C	715_G	716_C	745_C	755_T	785_C	795_C	fortuitum_subsp_acetamidolyticum
fortu		436_C	456_T	466_G	476_A	477_C	486_C	496_T	506_C	507_G	516_G	536_G	537_A	538_C	546_C	547_A	548_A	549_G	550_A	566_T	567_C	586_G	587_G	596_G	597_G	606_G	626_C	646_C	647_T	655_C	675_C	685_G	686_G	695_C	696_C	697_C	715_G	745_C	785_C	795_C	805_G	fortuitum_subsp_acetamidolyticum
fortu		436_C	456_T	466_G	476_A	477_T	486_C	496_G	506_G	536_C	546_C	547_A	548_A	549_G	550_A	566_T	576_T	596_G	597_G	606_G	616_A	617_C	646_T	647_C	648_G	656_A	676_C	686_G	687_C	696_C	697_C	698_C	706_C	716_G	717_C	786_C	796_C	fortuitum_subsp_acetamidolyticum
fortu		436_C	456_T	466_G	476_A	477_T	486_G	487_C	496_T	497_T	506_C	516_C	517_C	536_C	537_C	546_A	566_T	586_C	596_G	597_G	606_G	616_C	617_G	618_C	626_T	627_A	636_G	637_G	638_T	646_C	673_C	683_T	684_C	693_G	694_C	703_C	733_C	743_C	763_T	783_A	784_G	793_C	794_C	803_G	fortuitum_subsp_acetamidolyticum
fortu		436_C	456_T	466_G	476_A	477_T	486_C	496_G	506_G	536_C	546_C	547_A	548_A	549_G	550_A	566_T	576_T	596_G	597_G	606_G	616_A	617_C	646_T	647_C	648_G	656_A	676_C	686_G	687_C	696_C	697_C	698_C	706_C	716_G	717_C	786_C	796_C	fortuitum_subsp_acetamidolyticum
fortu		436_C	456_T	466_C	476_C	486_C	496_G	506_C	516_C	517_C	526_T	536_A	537_C	538_C	546_T	547_A	556_T	566_T	586_C	596_G	597_G	606_G	616_C	636_G	637_G	646_A	656_G	676_C	677_T	686_C	687_G	688_T	696_C	697_C	698_C	736_C	746_C	756_T	776_A	777_G	786_C	796_C	806_G	fortuitum_subsp_acetamidolyticum
fortu		436_C	456_T	466_G	476_A	477_T	486_C	496_G	506_G	536_C	546_C	547_A	548_A	549_G	550_A	566_T	576_T	596_G	597_G	606_G	616_A	617_C	636_T	646_T	647_C	648_G	656_A	676_C	686_G	687_C	696_C	697_C	698_C	706_C	716_G	717_C	786_C	796_C	fortuitum_subsp_acetamidolyticum
fortu		436_C	456_T	466_G	476_A	477_T	486_T	487_C	496_G	506_T	516_T	517_C	526_T	536_T	537_C	546_G	547_A	548_A	549_G	550_A	556_T	557_T	566_C	586_C	596_G	597_G	606_G	616_G	617_C	626_T	636_T	637_T	645_C	652_A	662_C	672_C	692_G	693_G	694_C	695_C	696_C	722_T	732_C	752_T	762_T	792_C	793_C	802_G	fortuitum_subsp_acetamidolyticum
fortu		436_C	456_T	466_G	476_A	477_T	486_C	496_G	506_G	536_C	546_C	547_A	548_A	549_G	550_A	566_T	576_T	596_G	597_G	606_G	616_A	617_C	646_T	647_C	648_G	656_A	676_C	686_G	687_C	696_C	697_C	698_C	706_C	716_G	717_C	786_C	796_C	fortuitum_subsp_acetamidolyticum
fortu		436_C	456_T	466_G	476_A	477_T	486_C	496_G	506_G	536_C	546_C	547_A	548_A	549_G	550_A	566_T	576_T	596_G	597_G	606_G	616_A	617_C	646_T	647_C	648_G	656_A	676_C	686_G	687_C	696_C	697_C	698_C	706_C	716_G	717_C	786_C	796_C	fortuitum_subsp_acetamidolyticum
fortu		436_C	456_T	466_C	476_C	486_C	496_G	506_C	516_C	517_C	526_T	536_A	537_C	538_C	546_T	547_A	556_T	566_T	586_C	596_G	597_G	606_G	616_C	636_G	637_G	646_A	656_G	676_C	677_T	686_C	687_G	688_T	696_C	697_C	698_C	736_C	746_C	756_T	776_A	777_G	786_C	796_C	806_G	fortuitum_subsp_acetamidolyticum
fortu		436_C	456_T	476_C	486_C	496_G	516_C	517_C	526_T	536_C	537_C	546_A	556_T	566_T	586_C	596_G	597_G	606_G	616_T	617_C	636_C	637_G	646_T	647_C	656_G	676_C	677_T	686_C	687_G	688_T	696_C	697_C	698_C	706_A	716_C	736_C	746_C	756_T	776_A	777_G	786_C	806_G	fortuitum_subsp_acetamidolyticum
fortu		436_C	456_T	466_G	476_A	477_T	486_C	496_G	506_G	536_C	546_C	547_A	548_A	549_G	550_A	566_T	576_T	596_G	597_G	606_G	616_A	617_C	646_T	647_C	648_G	656_A	676_C	686_G	687_C	696_C	697_C	698_C	706_C	716_G	717_C	786_C	796_C	fortuitum_subsp_acetamidolyticum
fortu		436_C	456_T	466_G	476_A	477_T	486_C	496_G	506_G	536_C	546_C	547_A	548_A	549_G	550_A	566_T	576_T	596_G	597_G	606_G	616_A	617_C	646_T	647_C	648_G	656_A	676_C	686_G	687_C	696_C	697_C	698_C	706_C	716_G	717_C	786_C	796_C	fortuitum_subsp_acetamidolyticum
fortu		436_C	456_T	466_G	476_A	477_C	486_C	496_T	506_C	507_G	516_G	536_G	537_A	538_C	546_C	547_A	548_A	549_G	550_A	566_T	567_C	586_G	587_G	596_G	597_G	606_G	626_C	646_C	647_T	655_C	675_C	685_G	686_G	695_C	696_C	697_C	705_C	715_G	745_C	785_C	795_C	805_G	fortuitum_subsp_acetamidolyticum
fortu		436_C	456_T	466_G	476_A	477_T	486_C	496_G	506_G	536_C	546_C	547_A	548_A	549_G	550_A	566_T	576_T	596_G	597_G	606_G	616_A	617_C	636_T	646_T	647_C	648_G	656_A	676_C	686_G	687_C	696_C	697_C	698_C	706_C	716_G	717_C	786_C	796_C	fortuitum_subsp_acetamidolyticum
fortu		436_C	456_T	466_G	476_A	477_T	486_C	496_G	506_G	536_C	546_C	547_A	548_A	549_G	550_A	566_T	576_T	596_G	597_G	606_G	616_A	617_C	636_T	646_T	647_C	648_G	656_A	676_C	686_G	687_C	696_C	697_C	698_C	706_C	716_G	717_C	786_C	796_C	fortuitum_subsp_acetamidolyticum
fortu		436_C	456_T	466_C	476_C	486_C	496_G	506_C	516_C	517_C	526_T	536_A	537_C	538_C	546_T	547_A	556_T	566_T	586_C	596_G	597_G	606_G	616_C	636_G	637_G	646_A	656_G	676_C	677_T	686_C	687_G	688_T	696_C	697_C	698_C	736_C	746_C	756_T	776_A	777_G	786_C	796_C	806_G	fortuitum_subsp_acetamidolyticum
fortu		436_C	456_T	466_C	476_C	486_C	496_G	506_C	516_C	517_C	526_T	536_A	537_C	538_C	546_T	547_A	556_T	566_T	586_C	596_G	597_G	606_G	616_C	636_G	637_G	646_A	656_G	676_C	677_T	686_C	687_G	688_T	696_C	697_C	698_C	736_C	746_C	756_T	776_A	777_G	786_C	796_C	806_G	fortuitum_subsp_fortuitum
fortu		433_C	453_T	463_C	473_C	493_C	503_G	504_C	513_C	514_C	523_T	533_A	534_C	543_C	544_T	553_A	554_T	563_T	593_C	594_G	595_G	603_G	613_C	633_G	643_G	644_A	653_G	673_C	683_T	684_C	693_G	694_T	695_C	696_C	703_C	733_C	743_C	763_T	783_A	784_G	793_C	794_C	803_G	fortuitum_subsp_fortuitum
frede		433_C	473_C	503_A	504_C	513_C	514_C	533_C	534_A	543_C	553_A	563_A	583_C	593_C	594_G	595_G	603_G	613_C	614_C	623_G	624_C	625_T	633_C	634_G	643_T	644_C	645_A	646_C	653_A	673_C	683_T	684_C	693_G	694_C	695_C	696_C	703_C	713_G	733_C	743_C	763_T	773_A	793_C	794_C	frederiksbergense
gadiu		433_C	453_T	473_C	493_C	494_T	503_G	504_C	513_C	514_C	523_C	533_T	534_A	543_C	553_T	563_G	564_C	573_A	593_C	594_G	595_G	603_G	613_C	623_A	633_G	643_G	644_T	645_C	646_G	673_C	683_T	684_C	693_C	694_C	695_C	703_C	721_G	731_C	751_C	761_T	791_C	792_C	801_G	gadium
gastr		436_C	466_G	476_A	477_C	486_C	506_C	516_C	526_C	536_G	537_C	546_C	547_A	548_A	549_G	586_G	587_C	596_G	597_G	606_G	616_C	636_G	676_C	686_G	687_C	696_C	697_C	698_C	716_G	717_C	756_T	786_C	796_C	gastri
gastr		433_C	473_G	474_A	475_C	493_C	503_C	513_C	533_C	534_G	543_C	544_C	545_A	546_A	547_G	583_G	593_C	594_G	595_G	603_G	613_C	633_G	673_C	683_G	693_C	694_C	695_C	703_C	713_G	714_C	763_T	793_C	794_C	gastri
genav		433_C	473_G	474_A	493_C	513_G	523_G	533_A	543_C	544_C	545_C	546_A	547_A	548_A	553_T	583_G	593_C	594_G	603_G	613_C	623_A	633_G	643_G	644_T	645_C	646_G	653_C	673_C	683_C	684_G	685_G	693_C	694_C	695_C	703_C	713_G	743_C	773_T	793_C	794_C	genavense
gilvu		433_C	434_C	453_T	473_C	493_C	503_A	504_C	513_C	514_C	523_T	533_C	543_C	544_T	553_A	563_G	564_C	593_C	594_G	603_G	613_C	623_G	624_C	625_T	633_C	634_G	635_G	636_T	643_G	644_T	645_C	646_G	673_C	683_T	684_C	693_C	694_C	703_C	721_C	722_G	723_C	731_C	751_C	761_T	781_G	791_C	792_C	801_G	gilvum
goodi		433_C	443_C	453_T	454_T	463_C	473_C	493_C	503_G	504_C	513_C	514_C	523_C	533_T	534_C	543_C	553_A	593_C	594_G	595_G	603_G	643_G	644_T	645_C	653_G	673_C	683_T	684_C	693_G	694_T	695_C	696_C	703_C	713_C	733_C	743_C	763_T	793_C	794_C	803_G	goodii
goodi		433_C	443_C	453_T	454_T	463_C	473_C	493_C	503_G	504_C	513_C	514_C	523_C	533_T	534_C	543_C	553_A	593_C	594_G	595_G	603_G	643_G	644_T	645_C	653_G	673_C	683_T	684_C	693_G	694_T	695_C	696_C	703_C	713_C	733_C	743_C	763_T	793_C	794_C	803_G	goodii
gordo		436_C	456_T	466_G	476_A	477_C	486_C	496_T	506_C	507_G	516_G	536_G	537_A	538_C	546_C	547_A	548_A	549_G	550_A	566_A	567_C	586_G	587_G	596_G	597_G	606_G	626_C	646_C	647_T	655_C	675_C	685_G	686_G	695_C	696_C	697_C	715_G	745_C	785_C	795_C	805_G	gordonae
gordo		433_C	453_T	473_G	474_A	475_C	493_C	494_T	503_C	513_G	523_G	533_G	534_A	543_C	544_C	545_A	546_A	547_G	553_A	563_A	564_C	583_G	593_G	594_G	595_G	603_G	633_C	643_C	644_T	652_C	672_C	692_G	693_G	694_C	695_C	696_C	712_G	752_C	792_C	793_C	gordonae
haemo		436_C	466_G	476_A	477_C	486_C	496_T	506_T	516_G	526_G	536_T	537_C	546_C	547_A	548_A	549_A	556_T	586_G	596_G	606_G	616_G	617_C	626_A	636_G	666_C	676_A	696_C	716_G	717_C	746_C	786_C	796_C	haemophilum
haemo		435_C	465_G	475_A	476_C	485_C	495_T	505_T	515_G	525_G	535_T	536_C	545_C	546_A	547_A	548_A	555_T	585_G	595_G	605_G	615_G	616_C	625_A	635_G	665_C	675_A	695_C	715_G	716_C	745_C	785_C	795_C	haemophilum
haemo		435_C	465_G	475_A	476_C	485_C	495_T	505_T	515_G	525_G	535_T	536_C	545_C	546_A	547_A	548_A	555_T	585_G	595_G	605_G	615_G	616_C	625_A	635_G	665_C	675_A	695_C	715_G	716_C	745_C	785_C	795_C	haemophilum
haemo		433_C	473_G	474_A	475_C	493_C	503_T	504_T	523_G	524_G	533_T	543_C	544_C	545_A	546_A	547_A	563_T	583_G	593_G	603_G	613_G	614_C	623_A	633_G	673_C	674_A	693_C	713_G	714_C	743_C	793_C	794_C	haemophilum
hassi		433_C	434_C	443_C	473_G	474_A	475_C	493_C	513_C	514_C	533_T	543_C	544_G	545_A	546_A	547_G	553_A	554_T	555_T	583_A	584_G	585_C	593_G	594_G	595_G	603_G	613_C	643_G	644_T	645_C	646_G	673_C	683_C	684_A	685_A	686_G	693_C	703_C	720_G	740_C	750_C	760_T	780_G	790_C	791_T	hassiacum
hecke		433_C	443_C	473_G	474_A	475_C	493_C	503_G	513_G	523_G	524_G	533_G	543_C	544_C	545_A	546_A	547_A	553_A	563_C	573_G	574_G	583_G	584_C	593_G	594_G	595_T	603_G	623_G	643_A	644_C	645_G	653_A	673_C	683_C	684_G	685_G	693_C	694_C	695_C	703_T	704_C	713_G	714_G	743_C	763_T	764_G	793_C	794_C	heckeshornense
heide		433_C	473_G	474_C	493_C	503_C	513_G	523_G	543_C	544_C	545_A	546_A	547_G	583_A	593_C	594_G	595_G	603_G	613_C	643_T	644_C	645_G	673_C	674_C	683_G	693_C	703_C	713_G	714_C	743_C	773_G	793_C	794_C	heidelbergense
hiber		433_C	434_C	473_C	493_C	503_G	513_C	514_C	533_T	543_C	544_C	545_A	546_A	547_G	553_A	563_G	564_C	593_C	594_G	595_G	603_G	623_A	633_T	634_C	635_T	651_A	679_C	689_G	690_C	691_G	692_T	693_C	699_C	700_C	709_A	739_C	749_C	759_T	789_C	790_C	799_G	hiberniae
hiber		436_C	437_C	476_C	486_C	496_G	516_C	517_C	536_T	537_C	546_C	547_A	548_A	549_G	550_A	566_G	567_C	586_C	596_G	597_G	606_G	616_A	626_T	627_C	636_T	652_A	672_C	682_G	692_C	693_G	694_T	695_C	696_C	702_C	712_A	732_C	752_C	762_T	792_C	793_C	802_G	hiberniae
hodle		433_C	453_A	473_G	474_A	475_C	493_C	503_G	504_C	513_C	514_C	543_C	544_C	545_G	553_T	563_T	593_C	594_G	603_G	613_C	633_A	651_C	659_C	660_A	669_A	679_C	680_T	689_C	690_G	691_C	692_C	699_C	700_C	719_T	739_C	749_C	759_T	789_C	790_C	hodleri
holsa		433_C	443_C	473_G	474_A	475_C	493_C	494_T	513_C	514_C	543_C	544_G	553_T	563_C	573_G	574_T	593_C	594_G	595_G	603_G	613_C	623_A	633_G	643_T	644_C	645_G	653_A	673_C	683_T	684_G	693_C	703_C	720_C	721_G	740_C	750_C	760_T	790_C	holsaticum
houst		433_C	453_T	463_C	473_C	493_C	503_G	504_C	513_C	514_C	523_T	533_C	543_C	553_A	554_T	563_T	593_C	594_G	595_G	603_G	613_C	633_G	643_G	644_A	653_G	673_C	683_T	684_C	693_G	694_T	695_C	696_C	703_C	733_C	743_C	763_T	783_A	784_G	793_C	794_C	803_G	houstonense
houst		431_C	461_T	462_C	471_C	491_C	501_G	502_C	511_C	521_C	522_T	541_C	542_C	551_A	552_T	571_T	591_C	592_G	593_G	611_G	612_C	631_G	641_G	642_A	661_G	671_C	681_T	691_C	692_G	693_T	694_C	701_C	702_C	731_C	751_C	761_T	781_A	782_G	791_C	792_C	801_G	houstonense
immun		466_G	476_A	477_T	496_G	506_T	516_T	517_C	526_C	536_T	537_C	546_C	547_A	548_A	549_G	550_A	556_T	566_C	586_C	596_G	597_G	606_G	616_G	617_C	626_T	627_T	636_G	645_C	652_A	662_C	672_C	692_G	693_G	694_C	695_C	696_C	702_T	722_C	723_T	732_C	752_T	762_T	792_C	793_C	802_G	immunogenum
immun		473_G	474_A	475_T	503_G	513_T	514_T	515_C	533_C	534_T	535_C	543_C	544_A	545_A	546_G	553_A	563_T	564_C	593_C	594_G	595_G	603_G	623_G	624_C	625_T	626_T	633_G	649_C	659_A	660_C	679_C	689_G	690_G	691_C	692_C	699_C	700_T	719_C	720_T	739_C	749_T	759_T	789_C	790_C	799_G	immunogenum
insub		436_C	466_G	476_A	477_C	486_C	496_G	506_C	507_A	516_C	517_C	536_C	537_C	546_T	547_A	556_T	586_C	596_G	606_G	616_C	626_T	627_C	646_C	673_C	683_C	684_C	693_G	694_T	695_C	696_C	703_C	713_A	733_C	743_C	763_T	793_C	794_C	803_G	insubricum
insub		433_C	473_G	474_A	475_C	493_C	503_G	504_C	505_A	513_C	514_C	533_C	543_C	544_T	553_A	554_T	593_C	594_G	603_G	613_C	633_T	634_C	643_C	680_C	681_C	690_C	691_G	692_T	693_C	700_C	701_C	710_A	740_C	750_C	760_T	790_C	791_C	800_G	insubricum
inter		436_C	466_G	476_A	477_C	486_C	506_G	526_G	536_C	537_C	546_C	547_A	548_A	549_G	586_G	587_C	588_G	596_G	616_C	636_G	646_T	647_C	648_G	656_T	676_C	677_C	686_G	687_C	696_C	697_C	706_C	716_G	717_C	726_C	746_C	786_C	796_C	interjectum
inter		433_C	473_G	474_A	475_C	493_C	513_G	523_G	533_C	543_C	544_C	545_A	546_A	547_G	583_G	584_C	593_G	594_G	613_C	643_G	644_T	645_C	646_G	653_T	673_C	683_C	684_G	685_C	693_C	694_C	703_C	713_G	714_C	723_C	743_C	793_C	794_C	interjectum
inter		435_C	465_G	475_A	476_T	485_G	486_C	525_C	535_C	545_G	555_T	565_T	566_T	575_T	585_G	586_A	587_C	595_G	596_G	605_T	606_G	615_A	616_C	645_T	646_C	647_G	665_C	675_C	676_T	695_C	705_G	715_G	716_C	745_C	755_T	785_C	795_C	805_T	intermedium
inter		433_C	473_G	474_A	475_T	483_G	493_C	533_C	543_C	544_G	553_T	563_T	564_T	573_T	583_G	584_A	593_C	594_G	595_G	603_T	604_G	613_A	614_C	643_T	644_C	645_G	673_C	674_C	683_T	693_C	703_G	713_G	714_C	743_C	763_T	793_C	794_C	803_T	intermedium
intra		434_C	464_G	474_A	475_C	494_C	514_G	524_G	534_T	544_C	554_T	564_C	584_G	594_G	604_G	614_C	644_T	645_C	646_G	674_C	675_C	676_T	684_G	704_C	714_G	724_C	744_C	794_C	795_C	intracellulare
intra		436_C	466_G	476_A	477_C	486_C	506_G	526_G	536_T	546_C	556_T	566_C	586_G	596_G	606_G	616_C	646_T	647_C	648_G	666_C	676_C	677_T	686_G	706_C	716_G	726_C	746_C	786_C	796_C	intracellulare
intra		471_G	472_A	473_C	491_C	511_G	521_G	531_T	541_C	561_T	571_C	581_G	591_G	611_G	612_C	641_T	642_C	643_G	671_C	672_C	681_T	691_G	701_C	711_G	721_C	751_C	791_C	792_C	intracellulare
intra		436_C	466_G	476_A	477_C	486_C	506_G	526_G	536_T	546_C	556_T	566_C	586_G	596_G	606_G	616_C	646_T	647_C	648_G	666_C	676_C	677_T	686_G	706_C	716_G	726_C	746_C	786_C	796_C	intracellulare
intra		436_C	466_G	476_A	477_C	486_C	506_G	526_G	536_T	546_C	556_T	566_C	586_G	596_G	606_G	616_C	646_T	647_C	648_G	666_C	676_C	677_T	686_G	706_C	716_G	726_C	746_C	786_C	796_C	intracellulare
kansa		436_C	466_G	476_A	477_C	486_C	496_T	506_C	516_C	526_T	536_G	537_C	546_C	547_A	548_A	549_A	586_G	587_C	596_G	606_G	616_C	636_G	676_C	686_G	687_G	688_C	696_C	697_C	698_C	706_C	716_G	717_C	746_C	756_T	786_C	796_C	797_A	kansasii
kansa		436_C	466_G	476_A	477_C	486_C	496_T	506_C	516_C	526_T	536_G	537_C	546_C	547_A	548_A	549_A	586_G	587_C	596_G	606_G	616_C	636_G	676_C	686_G	687_G	688_C	696_C	697_C	698_C	706_C	716_G	717_C	746_C	756_T	786_C	796_C	797_A	kansasii
kansa		435_C	465_G	475_A	476_C	485_C	495_T	505_C	515_C	525_T	535_G	536_C	545_C	546_A	547_A	548_A	585_G	586_C	595_G	605_G	615_C	635_G	675_C	685_G	686_G	695_C	696_C	697_C	698_C	705_C	715_G	716_C	745_C	755_T	785_C	795_C	796_A	kansasii
kansa		433_C	473_G	474_A	475_C	493_C	503_T	504_C	513_C	533_T	534_G	543_C	544_C	545_A	546_A	547_A	583_G	593_C	594_G	603_G	613_C	633_G	673_C	683_G	684_G	693_C	694_C	695_C	703_C	704_C	713_G	714_C	743_C	763_T	793_C	794_C	803_A	kansasii
komos		433_C	453_T	473_C	493_C	503_G	504_C	513_C	514_C	533_C	534_T	535_C	543_C	553_A	554_T	563_A	593_C	594_G	595_T	603_G	613_T	614_C	623_G	624_C	625_T	633_C	634_G	635_G	636_T	643_G	644_T	645_C	646_G	673_C	683_T	684_C	693_C	694_C	703_C	704_C	720_C	721_G	722_C	740_C	750_C	760_T	780_G	790_C	791_C	800_G	komossense
kubic		435_C	465_G	475_A	476_C	485_C	515_C	516_T	535_C	545_G	555_T	556_T	575_G	576_T	585_G	586_C	595_G	596_G	605_G	615_C	635_G	645_T	646_C	647_G	665_C	675_C	676_T	685_G	695_C	696_C	697_C	705_C	715_G	716_C	745_C	755_T	785_G	786_C	795_C	kubicae
kubic		433_C	473_G	474_A	475_C	493_C	513_C	523_T	543_C	544_G	553_T	563_T	573_G	574_T	583_G	593_C	594_G	595_G	603_G	613_C	633_G	643_T	644_C	645_G	673_C	674_C	683_T	684_G	693_C	694_C	695_C	703_C	713_G	714_C	743_C	763_T	783_G	793_C	794_C	kubicae
kumam		464_G	474_C	494_C	514_C	534_C	535_C	544_C	545_A	546_A	547_G	554_A	564_G	565_C	584_G	585_C	586_C	594_G	604_G	614_C	624_T	644_G	645_A	674_C	684_C	694_G	695_C	696_C	704_C	764_T	794_C	795_C	804_G	kumamotonense
kumam		436_C	437_C	466_G	476_C	486_C	516_C	536_C	537_C	546_C	547_A	548_A	549_G	550_A	566_G	567_C	586_G	587_C	588_C	596_G	606_G	616_C	626_T	636_G	646_A	676_C	686_C	687_G	696_C	697_C	706_C	756_T	786_C	796_C	806_G	kumamotonense
kumam		433_C	443_C	473_G	474_C	493_C	513_C	533_C	543_C	544_C	545_A	546_A	547_G	553_A	563_G	564_C	583_G	584_C	593_C	594_G	603_G	613_C	623_T	643_G	644_A	673_C	683_C	693_G	694_C	695_C	703_C	763_T	793_C	794_C	803_G	kumamotonense
kyori		434_C	435_C	464_G	474_A	475_C	494_C	495_G	504_T	514_G	534_C	544_C	545_A	546_A	547_G	554_A	564_C	574_T	584_C	594_G	595_G	604_T	605_G	614_C	634_G	674_C	675_T	684_G	694_C	695_C	696_C	704_C	714_G	715_C	744_C	794_C	795_C	kyorinense
kyori		433_C	443_C	473_G	474_A	475_C	493_C	503_G	504_T	513_G	543_C	544_C	545_A	546_A	547_G	553_A	563_C	573_T	593_C	594_G	595_G	603_T	604_G	613_C	633_G	673_C	683_T	684_G	693_C	694_C	695_C	703_C	713_G	714_C	743_C	793_C	794_C	kyorinense
lacus		433_C	443_A	473_G	474_C	493_C	503_C	513_G	543_C	544_C	545_A	546_A	547_A	583_G	593_C	594_G	595_T	603_G	613_C	623_A	633_G	673_A	674_C	683_T	684_G	685_G	693_C	694_C	703_C	713_G	714_C	723_T	743_C	783_T	793_C	794_C	lacus
lepra		432_C	452_T	453_T	462_T	472_G	473_A	474_C	482_A	502_T	542_A	543_C	544_A	545_A	546_A	552_A	582_A	592_G	602_T	603_G	612_A	613_T	614_C	622_T	623_A	632_T	633_T	642_A	652_T	662_A	672_A	673_A	682_T	683_T	712_G	722_T	752_T	762_T	763_T	782_A	792_C	793_T	leprae
lepra		437_C	447_A	467_T	468_G	469_A	477_C	487_A	507_T	508_T	517_A	518_A	527_G	537_A	538_A	547_C	548_A	549_A	550_A	551_A	557_C	567_T	577_T	587_A	597_G	598_T	599_A	617_T	618_C	627_A	628_G	647_A	648_T	649_A	650_A	657_A	667_C	677_A	707_T	717_T	747_C	757_A	797_C	798_A	lepraemurium
lenti		433_C	473_G	474_A	475_T	493_C	513_G	523_G	533_T	543_C	544_C	545_C	546_A	547_A	548_A	583_G	593_G	603_G	613_C	623_A	643_G	644_T	645_C	646_G	653_C	673_C	683_T	684_T	685_G	693_G	694_C	695_C	703_C	713_G	714_C	743_C	793_C	794_C	lentiflavum
llatz		436_C	456_T	476_C	486_C	496_G	506_C	516_C	517_C	536_C	537_C	546_A	566_T	586_C	596_G	597_G	606_G	616_C	617_G	618_C	626_T	627_G	628_C	636_T	637_G	646_C	653_C	654_C	655_A	673_C	683_T	684_C	693_G	694_T	695_C	703_C	733_C	743_C	763_T	783_A	784_G	793_C	794_C	803_G	llatzerense
llatz		453_T	473_C	493_C	503_G	504_C	513_C	514_C	533_C	543_C	553_A	563_T	593_C	594_G	595_G	603_G	613_C	623_G	624_C	625_T	626_G	633_C	634_T	635_G	643_C	650_C	651_C	660_A	680_C	681_T	690_C	691_G	692_T	693_C	700_C	740_C	750_C	760_T	780_A	781_G	790_C	791_C	800_G	llatzerense
madag		433_C	473_G	474_A	475_C	493_C	503_T	513_C	514_C	523_G	533_C	543_C	544_C	545_C	553_A	563_G	564_C	573_G	583_G	593_C	594_G	595_G	603_G	613_C	623_A	633_G	643_G	644_G	645_C	646_T	647_C	653_C	654_A	673_C	683_T	684_C	693_G	694_C	695_C	703_C	713_G	714_C	723_C	733_C	743_C	763_T	793_C	794_C	madagascariense
mager		433_C	453_T	473_C	493_C	494_T	503_G	504_C	513_C	514_C	523_T	533_T	534_C	543_C	553_A	554_T	563_T	593_C	594_G	595_G	613_C	633_G	643_G	644_A	653_G	673_C	683_T	684_C	693_G	694_T	695_C	696_C	703_C	713_C	733_C	743_C	763_T	783_A	784_G	793_C	794_C	803_G	mageritense
mager		433_C	453_T	473_C	493_C	494_T	503_G	504_C	513_C	514_C	523_T	533_T	534_C	543_C	553_A	554_T	563_T	593_C	594_G	595_G	613_C	633_G	643_G	644_A	653_G	673_C	683_T	684_C	693_G	694_T	695_C	696_C	703_C	713_C	733_C	743_C	763_T	783_A	784_G	793_C	794_C	803_G	mageritense
malmo		436_C	466_G	476_A	477_C	486_C	496_G	506_G	536_G	537_C	546_C	547_A	548_A	549_A	576_T	586_A	587_C	596_G	606_G	616_G	617_C	646_T	647_C	648_G	676_C	677_C	686_G	687_C	696_C	706_C	716_G	746_C	786_C	796_C	malmoense
malmo		436_C	466_G	476_A	477_C	486_C	496_G	506_G	536_G	537_C	546_C	547_A	548_A	549_A	576_T	586_A	587_C	596_G	606_G	616_G	617_C	646_T	647_C	648_G	676_C	677_C	686_G	687_C	696_C	706_C	716_G	746_C	786_C	796_C	malmoense
malmo		433_C	473_G	474_A	475_C	493_C	494_G	513_G	533_G	543_C	544_C	545_A	546_A	547_A	573_T	583_A	593_C	594_G	603_G	613_G	614_C	643_T	644_C	645_G	673_C	683_C	684_G	685_C	693_C	703_C	713_G	743_C	793_C	794_C	malmoense
mante		433_C	443_C	473_G	474_A	475_C	493_C	513_G	523_G	533_C	543_C	544_C	545_C	546_A	547_A	548_A	553_T	583_G	593_C	594_G	595_G	603_G	613_C	643_T	644_C	653_C	673_C	683_G	693_C	694_C	695_C	703_T	713_C	743_C	793_C	794_C	mantenii
mante		435_C	436_C	465_G	475_A	476_C	485_C	515_G	525_G	526_C	535_C	545_C	546_C	547_A	548_A	549_A	555_T	585_G	586_C	595_G	596_G	605_G	615_C	645_T	646_C	655_C	675_C	685_G	695_C	696_C	697_C	705_T	715_C	745_C	785_C	795_C	mantenii
marse		437_C	467_G	468_A	477_C	487_C	497_T	507_G	527_G	528_T	547_C	548_T	557_T	567_C	587_G	597_G	607_G	617_C	647_T	648_C	649_G	650_A	667_C	677_C	678_T	687_G	707_C	708_G	747_C	787_C	797_C	marseillense
marse		432_C	472_G	473_A	474_C	492_C	493_T	512_G	522_G	532_T	542_C	543_T	562_T	572_C	582_G	592_G	602_G	612_C	642_T	643_C	644_G	652_A	672_C	673_C	682_T	692_G	702_C	712_G	752_C	792_C	793_C	marseillense
massi		436_C	456_T	466_G	476_A	477_T	486_C	496_G	516_C	517_C	526_C	536_T	537_C	546_C	547_A	548_A	549_G	550_A	556_T	557_T	566_C	586_C	596_G	597_G	598_T	606_G	616_C	636_G	637_G	646_A	676_C	686_G	687_C	688_G	689_T	696_C	697_C	706_C	716_C	736_C	746_T	747_T	756_T	786_C	796_C	806_G	massiliense
massi		452_T	472_G	473_A	474_T	492_C	502_G	512_C	513_C	532_C	542_T	543_C	544_C	545_A	546_A	547_G	552_A	553_T	562_T	572_C	592_C	593_G	594_G	602_T	603_G	612_C	632_G	642_G	643_A	672_C	682_G	692_C	693_G	694_T	695_C	696_C	702_C	722_C	732_C	752_T	753_T	762_T	792_C	793_C	802_G	massiliense
massi		436_C	456_T	466_G	476_A	477_T	486_C	496_G	516_C	517_C	526_C	536_T	537_C	546_C	547_A	548_A	549_G	550_A	556_T	557_T	566_C	586_C	596_G	597_G	598_T	606_G	616_C	636_G	637_G	646_A	676_C	686_G	687_C	688_G	689_T	696_C	697_C	706_C	716_C	736_C	746_T	747_T	756_T	786_C	796_C	806_G	massiliense
massi		435_C	455_T	465_G	475_A	476_T	485_C	495_G	515_C	516_C	525_C	535_T	536_C	545_C	546_A	547_A	548_G	549_A	555_T	556_T	565_C	585_C	595_G	596_G	605_T	606_G	615_C	635_G	636_G	645_A	675_C	685_G	686_C	687_G	695_T	696_C	697_C	705_C	715_C	735_C	745_T	755_T	756_T	785_C	795_C	805_G	massiliense
micro		microti
micro		microti
monac		452_T	472_C	492_C	502_A	503_C	512_C	513_C	532_C	542_C	543_C	544_G	562_G	572_C	573_T	574_G	592_C	593_G	602_G	612_A	622_A	632_G	642_G	643_T	644_C	645_G	672_C	682_T	692_C	693_G	694_C	695_C	702_C	722_C	723_T	732_C	752_C	762_T	792_C	793_C	monacense
monac		436_C	456_T	476_C	486_C	496_A	506_C	516_C	517_C	526_C	536_C	537_C	546_G	566_G	567_C	576_T	577_G	586_C	596_G	606_G	616_A	617_A	636_G	637_G	646_T	647_C	648_G	676_C	677_T	686_C	687_G	696_C	697_C	698_C	716_C	717_T	736_C	746_C	756_T	786_C	796_C	797_C	monacense
monte		435_C	465_G	475_A	476_T	485_C	515_G	525_G	526_T	535_T	536_C	545_C	546_C	547_A	548_A	549_A	565_T	585_G	595_G	605_G	615_C	625_A	626_T	635_G	645_T	646_C	647_G	655_C	656_T	665_C	675_C	676_T	685_G	686_G	687_G	695_C	696_C	697_C	705_C	715_G	745_C	785_C	795_C	montefiorense
monte		431_C	471_G	472_A	473_T	491_C	511_G	521_G	531_T	532_T	541_C	542_C	543_C	544_A	545_A	551_A	571_T	581_G	591_G	611_G	612_C	621_A	631_T	641_G	642_T	643_C	644_G	651_C	661_T	671_C	672_C	681_T	682_G	691_G	692_G	693_C	694_C	701_C	702_C	711_G	751_C	791_C	792_C	montefiorense
morio		436_C	456_T	466_G	476_C	486_C	496_T	497_G	506_C	516_C	517_C	526_C	536_T	537_C	538_C	556_T	566_C	567_G	576_T	586_C	587_C	596_G	597_G	606_G	616_C	636_G	637_G	646_T	647_C	648_G	676_C	677_T	686_C	696_C	697_C	698_C	713_C	723_G	733_C	743_C	773_G	783_A	784_G	793_C	794_C	moriokaense
morio		433_C	453_T	473_G	474_C	493_C	494_T	503_G	504_C	513_C	514_C	523_C	533_T	543_C	544_C	553_T	563_C	573_G	574_T	583_C	593_C	594_G	595_G	603_G	613_C	633_G	643_G	644_T	645_C	646_G	673_C	683_T	684_C	693_C	694_C	703_C	720_C	721_G	740_C	750_C	770_G	780_A	781_G	790_C	791_C	moriokaense
mucog		433_C	453_T	473_G	474_A	475_T	483_G	493_C	503_T	504_C	513_C	514_C	533_C	543_C	553_A	563_T	593_C	594_G	595_G	603_G	613_C	623_G	624_C	625_T	633_A	634_G	635_G	643_C	680_C	681_T	690_C	691_G	692_C	700_C	720_C	740_C	750_C	760_T	780_A	781_G	790_C	791_C	800_G	mucogenicum
mucog		435_C	455_T	465_G	475_A	476_T	485_G	486_C	495_T	505_C	515_C	516_C	535_C	536_C	545_A	565_T	585_C	595_G	596_G	605_G	615_C	616_G	625_C	626_T	627_A	635_G	636_G	645_C	672_C	682_T	692_C	693_G	694_C	702_C	722_C	732_C	752_C	762_T	782_A	783_G	792_C	793_C	802_G	mucogenicum
mural		433_C	473_C	483_T	503_G	504_C	513_C	514_C	533_T	534_C	543_C	553_A	563_T	583_C	593_C	594_G	595_G	603_G	623_A	624_G	633_G	634_G	643_G	644_C	645_C	646_A	653_C	654_C	655_A	673_C	674_C	683_C	684_C	693_G	694_C	695_C	696_C	703_C	713_A	714_C	733_C	743_C	763_T	793_C	794_C	murale
nebra		437_C	467_G	468_A	477_C	487_C	507_G	527_G	537_C	538_C	547_C	548_A	549_A	550_G	551_A	567_G	577_T	587_T	588_G	589_C	597_G	607_G	617_C	627_A	637_G	638_G	647_T	648_C	649_G	657_C	677_C	678_C	687_G	688_C	697_C	698_C	707_C	708_G	717_C	747_C	787_C	797_C	nebraskense
nebra		433_C	473_G	474_A	475_C	493_C	513_G	523_G	533_C	543_C	544_C	545_A	546_A	547_G	553_A	573_G	574_T	583_T	584_G	585_C	593_G	603_G	613_C	623_A	633_G	643_G	644_T	645_C	646_G	653_C	673_C	683_C	684_G	693_C	694_C	695_C	703_C	713_G	714_C	743_C	793_C	794_C	803_G	nebraskense
nebra		436_C	466_G	476_A	477_C	486_C	506_G	526_G	536_C	537_C	546_C	547_A	548_A	549_G	550_A	566_G	576_T	586_T	587_G	588_C	596_G	606_G	616_C	626_A	636_G	637_G	646_T	647_C	648_G	656_C	676_C	677_C	686_G	687_C	696_C	697_C	706_C	716_G	717_C	746_C	786_C	796_C	nebraskense
neoau		439_C	479_C	499_G	500_C	509_C	519_C	539_C	540_C	549_A	550_T	579_C	589_C	590_G	599_G	609_G	619_C	620_C	621_G	622_C	623_C	629_C	630_G	639_T	640_C	641_A	649_C	650_A	679_C	680_T	689_G	690_G	691_C	692_C	699_C	700_C	709_G	739_C	749_C	759_T	789_C	790_C	799_G	neoaurum
neoau		436_C	476_C	496_G	506_C	516_C	517_C	536_C	537_C	546_A	556_T	586_C	587_C	596_G	597_G	606_G	616_C	617_C	618_G	619_C	626_C	636_C	637_G	638_T	646_C	647_A	648_C	656_A	676_C	677_T	686_G	687_G	688_C	696_C	697_C	698_C	716_G	736_C	746_C	756_T	786_C	796_C	806_G	neoaurum
neoau		435_C	475_C	495_G	505_C	515_C	516_C	535_C	536_C	545_A	555_T	585_C	586_C	595_G	596_G	605_G	615_C	616_C	617_G	625_C	626_C	635_C	636_G	645_T	646_C	647_A	648_C	655_A	675_C	676_T	685_G	686_G	695_C	696_C	697_C	698_C	715_G	735_C	745_C	755_T	785_C	795_C	805_G	neoaurum
neoau		433_C	473_C	503_G	504_C	513_C	514_C	533_C	543_C	553_A	554_T	583_C	593_C	594_G	595_G	603_G	613_C	614_C	623_G	624_C	625_C	633_C	634_G	643_T	644_C	645_A	646_C	653_A	673_C	683_T	684_G	693_G	694_C	695_C	696_C	703_C	713_G	733_C	743_C	763_T	793_C	794_C	803_G	neoaurum
newor		434_C	454_T	464_C	474_C	484_T	494_C	495_G	504_C	514_C	515_C	524_T	534_C	535_C	554_A	555_T	564_T	584_C	594_G	595_G	604_G	614_A	634_C	644_G	645_T	646_C	654_G	674_C	675_T	684_C	694_G	695_T	696_C	697_C	704_C	734_C	744_C	764_T	774_A	784_G	794_C	795_C	804_G	neworleansense
newor		433_C	453_T	463_C	473_C	483_T	493_C	503_G	504_C	513_C	514_C	523_T	533_C	543_C	553_A	554_T	563_T	593_C	594_G	595_G	603_G	623_A	633_C	643_G	644_T	645_C	653_G	673_C	683_T	684_C	693_G	694_T	695_C	696_C	703_C	733_C	743_C	763_T	783_A	784_G	793_C	794_C	803_G	neworleansense
newor		436_C	456_T	466_C	476_C	486_T	487_C	496_G	506_C	516_C	517_C	526_T	536_C	537_C	546_A	556_T	566_T	586_C	596_G	597_G	606_G	616_A	636_C	637_G	646_T	647_C	656_G	676_C	677_T	686_C	687_G	688_T	696_C	697_C	698_C	736_C	746_C	756_T	776_A	777_G	786_C	796_C	806_G	neworleansense
nonch		436_C	456_T	476_C	486_T	487_C	496_G	516_C	517_C	526_C	536_C	537_C	546_C	547_A	548_A	549_G	550_A	566_G	567_C	586_G	596_G	597_G	606_G	616_T	626_T	627_C	672_C	692_C	693_G	694_T	695_C	696_C	712_A	713_G	732_C	752_C	753_A	762_T	792_C	793_C	802_G	nonchromogenicum
nonch		436_C	456_T	476_C	486_T	487_C	496_G	516_C	517_C	526_C	536_C	537_C	546_C	547_A	548_A	549_G	550_A	566_G	567_C	586_G	596_G	597_G	606_G	616_T	626_T	627_C	672_C	692_C	693_G	694_T	695_C	696_C	712_A	713_G	732_C	752_C	753_A	762_T	792_C	793_C	802_G	nonchromogenicum
nonch		435_C	455_T	475_C	485_T	486_C	495_G	515_C	516_C	525_C	535_C	536_C	545_C	546_A	547_A	548_G	549_A	565_G	566_C	585_G	595_G	596_G	605_G	615_T	625_T	626_C	671_C	691_C	692_G	693_T	694_C	701_C	711_A	712_G	731_C	751_C	761_A	762_T	791_C	792_C	801_G	nonchromogenicum
nonch		443_C	453_T	473_C	483_T	493_C	503_G	513_C	514_C	533_C	534_C	543_C	544_C	545_A	546_A	547_G	553_A	563_G	564_C	583_G	593_G	594_G	603_G	613_T	633_T	634_C	679_C	689_C	690_G	691_T	692_C	699_C	709_A	710_G	739_C	749_C	759_A	760_T	789_C	790_C	799_G	nonchromogenicum
novio		433_C	473_G	474_A	475_C	483_T	493_C	513_G	543_G	544_A	545_A	546_A	553_A	563_T	583_G	593_G	594_G	595_G	603_G	613_C	633_G	663_A	673_C	683_G	693_C	694_C	703_C	713_G	743_C	763_G	793_C	794_C	noviomagense
novoc		433_C	453_T	473_G	474_A	475_C	493_C	503_C	513_C	514_C	543_C	544_C	545_G	553_T	593_C	594_G	603_G	613_C	623_A	633_G	643_G	644_T	645_C	646_G	673_C	674_C	683_C	684_C	693_C	703_C	704_C	720_G	740_C	750_C	760_T	790_C	791_C	novocastrense
obuen		433_C	443_C	453_A	473_G	474_A	475_C	493_C	503_G	513_C	514_C	543_C	544_C	545_G	553_A	554_T	563_C	593_C	594_G	595_G	603_G	613_C	614_C	623_C	643_C	651_A	680_C	681_T	690_C	691_C	700_T	701_C	718_C	719_G	728_C	738_C	748_C	758_T	778_A	779_G	788_C	789_C	798_G	obuense
palle		434_C	435_C	464_G	474_A	475_C	484_T	494_C	495_T	496_G	504_C	514_C	515_C	524_T	534_T	535_C	536_C	554_A	555_T	564_T	584_C	594_G	595_G	604_T	605_G	614_C	624_A	634_G	635_C	644_A	674_C	675_C	684_G	685_C	694_G	695_C	696_C	704_C	714_A	734_C	744_C	764_T	784_G	794_C	795_C	804_G	pallens
palus		434_C	464_G	474_A	475_C	494_C	514_G	534_C	544_G	584_G	585_C	594_G	604_G	614_C	615_A	644_G	645_T	646_C	647_G	674_C	675_C	676_C	684_G	685_G	694_C	695_C	704_C	705_C	714_G	715_C	744_C	764_A	794_C	795_C	palustre
paraf		436_C	466_G	476_A	477_C	486_C	506_G	526_G	536_C	537_C	546_C	547_A	548_A	549_A	556_G	586_G	596_G	606_G	616_C	646_C	647_A	648_G	676_C	677_C	686_G	687_C	696_C	697_C	706_C	716_G	746_C	756_A	786_C	796_C	paraffinicum
paraf		433_C	453_T	473_C	483_A	493_C	503_G	504_C	513_C	514_C	533_C	534_T	535_C	543_C	553_A	563_A	593_C	594_G	595_T	603_G	613_T	614_C	623_G	624_C	625_T	633_C	634_G	635_G	636_T	643_G	644_T	645_C	646_G	673_C	683_T	684_C	693_C	694_C	703_C	704_C	720_C	721_G	722_C	740_C	750_C	760_T	780_G	790_C	791_C	800_G	parafortuitum
paras		434_C	464_G	474_A	475_C	494_C	514_G	524_G	534_C	544_G	545_A	546_A	547_A	554_T	555_G	584_G	585_A	586_C	594_G	604_G	614_C	634_G	644_C	645_A	646_G	674_C	675_T	684_G	694_C	695_C	704_C	714_G	744_C	794_C	795_C	parascrofulaceum
paras		436_C	466_G	476_A	477_C	486_C	506_G	526_G	536_C	546_G	547_A	548_A	549_A	556_T	557_G	586_G	587_A	588_C	596_G	606_G	616_C	636_G	646_C	647_A	648_G	676_C	677_T	686_G	687_C	696_C	697_C	716_G	746_C	786_C	796_C	parascrofulaceum
paras		436_C	466_G	476_A	477_C	486_C	506_G	526_G	536_C	546_G	547_A	548_A	549_A	556_T	557_G	586_G	587_A	588_C	596_G	606_G	616_C	636_G	646_C	647_A	648_G	676_C	677_T	686_G	687_C	696_C	697_C	716_G	746_C	786_C	796_C	parascrofulaceum
paras		436_C	437_A	466_G	476_A	477_C	486_C	506_G	526_G	536_C	537_C	546_C	547_A	548_A	549_G	556_T	586_G	587_C	588_G	596_G	606_G	616_C	646_T	647_C	648_G	656_T	676_C	677_C	686_G	687_C	696_C	697_C	698_T	706_C	716_G	717_C	746_C	786_C	796_C	paraseoulense
paras		432_C	442_A	472_G	473_A	474_C	492_C	512_G	522_G	542_C	543_C	544_C	545_A	546_A	547_G	552_T	582_G	592_C	593_G	594_G	602_G	612_C	642_T	643_C	644_G	652_T	672_C	682_C	683_G	692_C	693_C	694_C	702_T	703_C	712_G	722_C	752_C	792_C	793_C	paraseoulense
paras		435_C	436_A	465_G	475_A	476_C	485_C	515_G	525_G	535_C	536_C	545_C	546_A	547_A	548_G	555_T	585_G	586_C	587_G	595_G	605_G	615_C	645_T	646_C	647_G	655_T	675_C	676_C	685_G	686_C	695_C	696_C	697_T	705_C	715_G	716_C	745_C	785_C	795_C	paraseoulense
parme		436_C	466_G	476_A	477_C	486_C	526_G	536_C	546_G	586_G	587_C	596_G	606_G	616_G	617_C	618_C	646_T	647_C	648_G	676_C	677_C	686_T	687_C	696_C	706_C	716_G	717_C	746_C	786_C	796_C	parmense
phlei		475_C	485_C	495_T	496_G	515_C	516_C	525_C	535_C	545_G	555_T	565_T	566_C	585_A	586_G	587_C	595_G	596_G	605_T	606_G	615_C	635_G	645_T	646_C	647_G	675_C	676_T	677_T	685_G	686_C	695_C	696_C	705_C	722_C	723_G	732_C	752_C	762_T	782_A	783_G	792_C	793_C	802_G	phlei
phlei		433_C	473_C	493_C	494_T	503_G	513_C	514_C	523_C	543_C	544_G	553_T	563_T	564_C	583_A	584_G	585_C	593_G	594_G	603_T	604_G	613_C	643_G	644_T	645_C	646_G	673_C	683_T	684_T	685_G	686_C	693_C	703_C	704_C	720_C	721_G	740_C	750_C	760_T	780_A	781_G	790_C	791_C	800_G	phlei
phoca		436_C	456_T	466_G	476_A	477_T	486_G	487_C	496_T	506_C	516_C	517_C	526_T	536_T	537_C	538_C	546_A	566_C	586_C	596_G	597_G	606_G	616_C	617_G	618_C	626_T	627_A	636_G	637_G	646_C	673_C	683_T	684_C	693_G	694_T	695_C	703_C	733_C	743_C	763_T	783_A	784_G	793_C	794_C	803_G	phocaicum
phoca		436_C	456_T	466_G	476_A	477_T	486_G	487_C	496_T	506_C	516_C	517_C	526_T	536_T	537_C	538_C	546_A	566_C	586_C	596_G	597_G	606_G	616_C	617_G	618_C	626_T	627_A	636_G	637_G	646_C	673_C	683_T	684_C	693_G	694_T	695_C	703_C	733_C	743_C	763_T	783_A	784_G	793_C	794_C	803_G	phocaicum
phoca		431_C	461_T	471_G	472_A	473_T	491_G	492_C	501_T	502_C	511_C	521_C	522_T	531_T	541_C	542_C	551_A	571_C	591_C	592_G	593_G	611_G	612_C	621_G	622_C	623_T	631_A	632_G	633_G	649_C	678_C	679_T	688_C	689_G	690_T	698_C	699_C	738_C	748_C	758_T	778_A	779_G	788_C	789_C	798_G	phocaicum
porci		436_C	456_T	476_C	486_C	496_G	516_C	517_C	526_T	536_C	537_C	546_A	556_T	566_T	586_C	596_G	597_G	606_G	616_C	636_T	637_G	646_T	647_C	656_G	676_T	686_C	687_G	688_T	696_C	697_C	698_C	706_A	716_C	736_C	746_C	756_T	776_A	777_G	786_C	796_C	806_G	porcinum
porci		436_C	456_T	476_C	486_C	496_G	516_C	517_C	526_T	536_C	537_C	546_A	556_T	566_T	586_C	596_G	597_G	606_G	616_C	636_T	637_G	646_T	647_C	656_G	676_T	686_C	687_G	688_T	696_C	697_C	698_C	706_A	716_C	736_C	746_C	756_T	776_A	777_G	786_C	796_C	806_G	porcinum
porif		433_C	453_T	473_G	474_A	475_C	493_C	503_A	504_C	513_C	514_C	523_T	533_C	543_C	544_C	563_G	564_C	583_A	584_G	585_C	593_G	594_G	603_G	613_C	633_G	643_G	644_T	645_C	646_G	673_C	683_T	684_C	693_C	694_C	703_C	704_C	720_C	721_G	750_C	760_T	770_A	790_C	791_C	poriferae
pseud		436_C	456_T	466_G	476_A	477_T	486_C	496_G	506_G	536_C	546_C	547_A	548_A	549_G	550_A	566_T	576_T	596_G	597_G	606_G	616_A	617_C	636_T	646_T	647_C	648_G	656_A	676_C	686_G	687_C	696_C	697_C	698_C	706_C	716_G	717_C	786_C	796_C	pseudoshottsii
pseud		431_C	461_T	471_G	472_A	473_T	491_C	492_G	511_G	541_C	542_C	543_A	544_A	551_G	552_A	561_T	571_T	591_G	592_G	611_G	612_A	613_C	631_T	641_T	642_C	643_G	651_A	671_C	681_G	691_C	692_C	701_C	702_C	703_C	711_G	721_C	791_C	792_C	pseudoshottsii
pseud		436_C	456_T	466_G	476_A	477_T	486_C	496_G	506_G	536_C	546_C	547_A	548_A	549_G	550_A	566_T	576_T	596_G	597_G	606_G	616_A	617_C	636_T	646_T	647_C	648_G	656_A	676_C	686_G	687_C	696_C	697_C	698_C	706_C	716_G	717_C	786_C	796_C	pseudoshottsii
psych		431_C	432_C	471_G	472_A	473_C	491_C	501_G	511_C	521_C	541_A	542_C	543_C	561_G	571_C	591_G	611_G	612_C	631_G	641_G	642_T	643_C	644_G	671_C	681_T	691_C	692_C	701_C	702_C	718_C	719_G	728_C	738_C	748_C	758_T	778_G	788_G	789_C	790_C	psychrotolerans
pulve		433_C	473_G	474_A	475_C	493_C	494_T	503_C	504_A	513_G	523_A	524_G	525_T	526_T	543_C	544_C	545_G	553_T	573_T	593_C	594_G	595_G	596_T	603_G	613_C	623_A	643_G	644_T	645_C	646_G	673_C	674_C	683_C	684_G	685_C	693_C	703_C	704_T	713_C	714_A	715_G	716_C	723_G	743_C	763_T	783_G	784_C	785_G	793_C	803_G	pulveris
pyren		436_C	456_T	466_G	476_A	477_C	486_C	506_A	507_G	516_C	517_C	536_C	537_C	546_A	556_T	566_T	586_G	587_C	596_G	606_G	616_C	636_G	637_G	646_T	647_C	648_G	656_A	676_C	677_T	686_C	696_C	697_C	706_C	713_C	723_G	724_C	733_C	743_C	763_T	793_C	794_C	pyrenivorans
rhode		433_C	434_C	453_T	463_A	473_C	493_C	503_G	504_C	513_C	514_C	523_C	533_T	534_T	543_C	553_A	563_T	593_C	594_G	595_G	603_G	613_C	623_A	633_G	634_C	643_A	673_T	674_C	683_A	684_C	693_G	694_C	695_C	703_C	713_A	733_C	743_C	763_T	783_G	793_C	794_C	803_G	rhodesiae
riyad		433_C	453_A	473_A	474_T	493_C	494_T	513_G	543_C	544_A	545_A	546_A	553_T	583_G	593_C	594_G	595_T	603_G	613_C	623_A	633_G	643_G	644_T	645_C	646_G	673_C	683_T	684_C	693_C	703_T	704_C	713_G	743_C	773_T	793_C	794_C	riyadhense
rufum		434_C	435_C	436_T	464_G	474_A	475_C	494_C	495_G	514_C	515_C	534_A	535_C	544_C	545_T	564_G	565_T	584_G	594_G	595_G	604_G	614_C	644_C	651_A	671_C	681_T	691_C	692_C	701_C	702_C	703_C	719_C	720_G	721_C	739_C	749_C	759_T	779_G	789_C	790_C	rufum
rutil		433_C	453_T	473_G	474_A	475_C	493_C	503_G	513_C	514_C	533_C	543_C	544_C	545_G	553_T	563_C	593_C	594_G	603_G	613_C	623_A	633_G	643_G	644_T	645_C	646_G	673_C	683_T	684_C	693_C	703_C	704_C	720_C	721_G	740_C	750_C	760_T	790_C	791_T	800_G	rutilum
salmo		438_C	468_G	469_A	478_T	479_G	498_G	508_T	518_T	519_C	528_C	529_T	538_T	539_C	548_C	549_A	550_A	551_G	552_A	553_T	558_T	568_T	588_C	589_G	598_G	608_G	609_T	618_G	619_C	620_C	628_T	629_G	653_A	663_C	673_C	683_G	693_G	694_C	695_C	696_T	703_C	723_T	733_C	743_T	763_T	793_C	794_C	803_G	salmoniphilum
saska		472_G	473_A	474_C	492_C	512_G	522_G	542_C	543_C	544_C	545_A	546_A	547_G	582_G	592_C	593_G	594_G	602_G	612_C	642_T	643_C	644_G	652_C	672_C	682_C	683_G	692_C	693_C	694_C	702_C	712_G	722_C	752_C	762_T	792_C	793_C	802_T	saskatchewanense
saska		436_C	466_G	476_A	477_C	486_C	506_G	526_G	536_C	537_C	546_C	547_A	548_A	549_G	586_G	587_C	588_G	596_G	606_G	616_C	646_T	647_C	648_G	656_C	676_C	677_C	686_G	687_C	696_C	697_C	706_C	716_G	717_C	746_C	756_T	786_C	796_C	806_T	saskatchewanense
saska		436_C	466_G	476_A	477_C	486_C	506_G	526_G	536_C	537_C	546_C	547_A	548_A	549_G	586_G	587_C	588_G	596_G	606_G	616_C	646_T	647_C	648_G	656_C	676_C	677_C	686_G	687_C	696_C	697_C	706_C	716_G	717_C	746_C	756_T	786_C	796_C	806_T	saskatchewanense
scrof		436_C	466_G	476_A	477_C	486_C	506_G	526_G	536_C	546_C	547_A	548_A	549_G	566_G	586_G	587_A	588_C	596_G	606_G	616_G	617_C	646_T	647_C	648_G	666_C	676_C	677_C	686_G	706_C	716_G	717_C	746_C	786_C	796_C	scrofulaceum
scrof		436_C	466_G	476_A	477_C	486_C	506_G	526_G	536_C	546_C	547_A	548_A	549_G	566_G	586_G	587_A	588_C	596_G	606_G	616_G	617_C	646_T	647_C	648_G	666_C	676_C	677_C	686_G	706_C	716_G	717_C	746_C	786_C	796_C	scrofulaceum
scrof		435_C	465_G	475_A	476_C	485_C	515_G	525_G	535_C	545_C	546_A	547_A	548_G	575_G	585_G	586_A	587_C	595_G	605_G	615_G	616_C	645_T	646_C	647_G	665_C	675_C	676_C	685_G	705_C	715_G	716_C	745_C	785_C	795_C	scrofulaceum
scrof		436_C	466_G	476_A	477_C	486_C	506_G	526_G	536_C	546_C	547_A	548_A	549_G	566_G	586_G	587_A	588_C	596_G	606_G	616_G	617_C	646_T	647_C	648_G	666_C	676_C	677_C	686_G	706_C	716_G	717_C	746_C	786_C	796_C	scrofulaceum
scrof		433_C	473_G	474_A	475_C	493_C	513_G	523_G	543_C	544_C	545_A	546_A	547_G	573_G	583_G	584_A	593_C	594_G	603_G	613_G	614_C	643_T	644_C	645_G	673_C	674_C	683_C	684_G	703_C	713_G	714_C	743_C	793_C	794_C	scrofulaceum
seneg		436_C	456_T	466_G	476_A	477_C	486_T	487_C	496_G	516_C	517_C	526_T	536_C	537_C	546_T	547_A	556_T	557_T	566_T	586_C	596_G	597_G	606_G	616_C	636_G	646_A	656_G	676_C	677_T	686_C	687_G	688_T	696_C	697_C	698_C	736_A	737_C	746_C	756_T	776_A	777_G	786_C	796_C	806_G	senegalense
seneg		436_C	456_T	466_G	476_A	477_C	486_T	487_C	496_G	516_C	517_C	526_T	536_C	537_C	546_T	547_A	556_T	557_T	566_T	586_C	596_G	597_G	606_G	616_C	636_G	646_A	656_G	676_C	677_T	686_C	687_G	688_T	696_C	697_C	698_C	736_A	737_C	746_C	756_T	776_A	777_G	786_C	796_C	806_G	senegalense
seneg		436_C	456_T	466_G	476_A	477_C	486_T	487_C	496_G	516_C	517_C	526_T	536_C	537_C	546_T	547_A	556_T	557_T	566_T	586_C	596_G	597_G	606_G	616_C	636_G	646_A	656_G	676_C	677_T	686_C	687_G	688_T	696_C	697_C	698_C	736_A	737_C	746_C	756_T	776_A	777_G	786_C	796_C	806_G	senegalense
senue		436_C	476_C	486_C	516_C	517_C	526_G	536_C	546_C	547_A	548_A	549_G	550_A	566_G	567_C	586_G	587_C	596_G	597_G	606_G	616_C	626_T	636_T	637_G	646_A	676_C	686_C	687_G	696_C	697_C	706_C	746_C	756_T	776_G	786_C	787_G	788_C	796_C	805_G	senuense
senue		436_C	476_C	486_C	516_C	517_C	526_G	536_C	546_C	547_A	548_A	549_G	550_A	566_G	567_C	586_G	587_C	596_G	597_G	606_G	616_C	626_T	636_T	637_G	646_A	676_C	686_C	687_G	696_C	697_C	706_C	746_C	756_T	776_G	786_C	787_G	788_C	796_C	805_G	senuense
senue		435_C	475_C	485_C	515_C	516_C	525_G	535_C	545_C	546_A	547_A	548_G	549_A	565_G	566_C	585_G	586_C	595_G	596_G	605_G	615_C	625_T	635_T	636_G	645_A	675_C	685_C	686_G	695_C	696_C	705_C	745_C	755_T	775_G	785_C	786_G	787_C	795_C	804_G	senuense
seoul		472_G	473_A	474_C	492_C	512_G	522_G	542_C	543_C	544_C	545_A	546_A	547_A	552_T	582_G	592_C	593_G	594_G	602_G	612_C	642_T	643_C	644_G	652_C	672_C	682_C	683_G	692_C	693_C	702_C	712_G	722_C	752_C	792_C	793_C	seoulense
seoul		436_C	466_G	476_A	477_C	486_C	506_G	526_G	536_C	537_C	546_C	547_A	548_A	549_A	556_T	586_G	587_C	588_G	596_G	606_G	616_C	646_T	647_C	648_G	656_C	676_C	677_C	686_G	696_C	697_C	706_C	716_G	717_C	746_C	786_C	796_C	seoulense
septi		436_C	476_C	486_T	487_C	496_G	506_C	516_C	517_C	526_T	536_C	537_C	546_A	556_T	566_T	586_C	596_G	597_G	606_G	616_C	636_C	637_G	646_T	647_C	656_G	676_C	677_T	686_C	687_G	688_T	696_C	697_C	698_C	706_A	716_C	736_C	746_C	756_T	776_A	777_G	786_C	796_T	797_C	806_G	septicum
septi		435_C	475_C	485_T	486_C	495_G	505_C	515_C	516_C	525_T	535_C	536_C	545_A	555_T	565_T	585_C	595_G	596_G	605_G	615_C	635_C	636_G	645_T	646_C	655_G	675_C	676_T	685_C	686_G	695_T	696_C	697_C	698_C	705_A	715_C	735_C	745_C	755_T	775_A	776_G	785_C	795_T	796_C	805_G	septicum
septi		436_C	476_C	486_T	487_C	496_G	506_C	516_C	517_C	526_T	536_C	537_C	546_A	556_T	566_T	586_C	596_G	597_G	606_G	616_C	636_C	637_G	646_T	647_C	656_G	676_C	677_T	686_C	687_G	688_T	696_C	697_C	698_C	706_A	716_C	736_C	746_C	756_T	776_A	777_G	786_C	796_T	797_C	806_G	septicum
seten		436_C	456_T	476_C	486_C	496_A	506_C	516_C	517_C	526_T	536_C	537_C	546_A	556_T	566_T	586_C	596_G	597_G	606_G	616_A	636_G	637_G	646_A	656_G	676_C	677_T	686_C	687_G	688_T	696_C	697_C	698_C	716_C	736_C	746_C	756_T	776_A	777_G	786_C	796_C	setense
shimo		436_C	437_C	466_G	476_A	477_C	486_C	516_C	517_C	536_C	546_C	547_A	556_G	576_T	586_A	587_C	596_G	597_T	606_G	616_T	636_T	656_A	676_C	686_G	687_G	688_C	696_C	697_C	698_C	716_G	717_C	746_C	786_C	796_C	shimoidei
shimo		433_C	443_C	473_G	474_A	475_C	493_C	513_C	514_C	543_C	544_C	545_A	553_G	573_T	583_A	593_C	594_G	603_T	604_G	613_T	633_T	653_A	673_C	683_G	684_G	693_C	694_C	695_C	703_C	713_G	714_C	743_C	793_C	794_C	shimoidei
shott		434_C	454_T	464_G	474_A	475_T	494_C	495_G	514_G	534_C	544_C	545_A	546_A	547_G	554_A	564_T	574_T	594_G	595_G	604_G	614_A	615_C	634_T	644_T	645_C	646_G	647_T	654_A	674_C	684_G	694_C	695_C	696_C	704_C	705_C	714_G	715_C	794_C	795_C	shottsii
shott		436_C	456_T	466_G	476_A	477_T	486_C	496_G	506_G	536_C	546_C	547_A	548_A	549_G	550_A	566_T	576_T	596_G	597_G	606_G	616_A	617_C	636_T	646_T	647_C	648_G	649_T	656_A	676_C	686_G	687_C	696_C	697_C	698_C	706_C	716_G	717_C	786_C	796_C	shottsii
shott		431_C	461_T	471_G	472_A	473_T	491_C	492_G	511_G	541_C	542_C	543_A	544_A	551_G	552_A	561_T	571_T	591_G	592_G	611_G	612_A	613_C	631_T	641_T	642_C	643_G	651_T	652_A	671_C	681_G	691_C	692_C	701_C	702_C	703_C	711_G	721_C	791_C	792_C	shottsii
shott		436_C	456_T	466_G	476_A	477_T	486_C	496_G	506_G	536_C	546_C	547_A	548_A	549_G	550_A	566_T	576_T	596_G	597_G	606_G	616_A	617_C	636_T	646_T	647_C	648_G	649_T	656_A	676_C	686_G	687_C	696_C	697_C	698_C	706_C	716_G	717_C	786_C	796_C	shottsii
simia		436_C	437_C	456_T	466_G	476_A	477_C	486_C	526_C	536_T	537_C	538_C	546_C	547_A	548_A	549_G	566_G	586_G	587_C	596_G	606_G	616_C	617_A	636_G	637_G	646_T	647_C	648_G	656_T	666_C	676_C	677_T	686_C	696_C	706_C	716_G	717_C	746_C	786_C	simiae
simia		436_C	437_C	456_T	466_G	476_A	477_C	486_C	526_C	536_T	537_C	538_C	546_C	547_A	548_A	549_G	566_G	586_G	587_C	596_G	606_G	616_C	617_A	636_G	637_G	646_T	647_C	648_G	656_T	666_C	676_C	677_T	686_C	696_C	706_C	716_G	717_C	746_C	786_C	simiae
simia		436_C	437_C	456_T	466_G	476_A	477_C	486_C	526_C	536_T	537_C	538_C	546_C	547_A	548_A	549_G	566_G	586_G	587_C	596_G	606_G	616_C	617_A	636_G	637_G	646_T	647_C	648_G	656_T	666_C	676_C	677_T	686_C	696_C	706_C	716_G	717_C	746_C	786_C	simiae
simia		433_C	443_C	453_T	473_G	474_A	475_C	493_C	533_C	534_T	543_C	544_C	545_C	546_A	547_A	548_G	563_G	583_G	593_C	594_G	603_G	613_C	623_A	633_G	643_G	644_T	645_C	646_G	653_T	673_C	674_C	683_T	684_C	693_C	703_C	713_G	714_C	743_C	793_C	simiae
smegm		433_C	434_C	443_C	453_T	454_T	463_C	473_C	493_C	494_T	503_T	504_C	513_C	514_C	523_C	533_T	534_C	543_C	553_A	563_T	593_C	594_G	595_G	603_G	613_C	643_G	644_T	645_C	653_G	673_C	683_T	684_C	693_G	694_T	695_C	696_C	703_C	713_C	733_C	743_C	763_T	793_C	794_C	smegmatis
smegm		436_C	437_C	456_T	457_T	466_C	476_C	486_C	496_T	497_T	506_C	516_C	517_C	526_C	536_T	537_C	538_C	546_A	566_T	586_C	596_G	597_G	606_G	616_C	636_G	646_T	647_C	656_G	676_C	677_T	686_C	687_G	688_T	696_C	697_C	698_C	716_C	736_C	746_C	756_T	786_C	796_C	smegmatis
smegm		433_C	434_C	443_C	453_T	454_T	463_C	473_C	493_C	494_T	503_T	504_C	513_C	514_C	523_C	533_T	534_C	543_C	553_A	563_T	593_C	594_G	595_G	603_G	613_C	643_G	644_T	645_C	653_G	673_C	683_T	684_C	693_G	694_T	695_C	696_C	703_C	713_C	733_C	743_C	763_T	793_C	794_C	smegmatis
sphag		433_G	453_T	473_C	483_T	493_C	503_T	504_C	513_C	514_C	523_T	533_T	543_C	544_C	545_G	553_T	563_G	564_C	573_T	593_C	594_G	595_G	596_G	603_G	613_C	623_A	633_G	634_C	643_A	653_A	673_C	683_T	684_T	685_T	693_G	694_C	703_C	713_A	723_T	733_C	743_C	763_T	793_C	794_C	803_G	sphagni
stoma		436_C	437_A	466_G	476_A	477_C	486_C	506_G	526_G	527_C	536_C	537_C	546_C	547_A	548_A	549_A	556_T	557_T	586_G	587_C	596_G	606_G	616_C	626_A	636_G	646_T	647_C	648_G	656_C	676_C	677_T	686_T	687_G	688_G	689_C	696_C	706_C	716_G	746_C	786_C	796_C	stomatepiae
szulg		511_G	530_T	540_C	568_A	588_G	598_G	608_G	618_C	619_A	648_T	649_C	650_G	651_T	658_C	678_C	688_G	689_C	698_C	699_C	700_C	708_G	718_C	719_T	szulgai
szulg		436_C	466_G	476_A	477_T	486_C	506_G	526_T	536_C	546_C	547_A	548_A	549_G	566_A	586_G	596_G	606_G	616_C	626_A	646_T	647_C	648_G	649_T	656_C	676_C	686_G	687_C	696_C	697_C	706_C	716_G	717_C	726_T	746_C	756_T	786_C	796_C	szulgai
szulg		435_C	465_G	475_A	476_T	485_C	515_G	525_T	535_C	545_C	546_A	547_A	548_G	565_A	585_G	595_G	605_G	615_C	625_A	645_T	646_C	647_G	648_T	655_C	675_C	685_G	695_C	696_C	697_C	705_C	715_G	716_C	725_T	745_C	755_T	785_C	795_C	szulgai
szulg		433_C	473_G	474_A	475_T	493_C	513_G	523_T	543_C	544_C	545_A	546_A	547_G	563_A	583_G	593_G	603_G	613_C	623_A	643_T	644_C	645_G	653_T	654_C	673_C	683_G	693_C	694_C	695_C	703_C	713_G	714_C	723_T	743_C	753_T	793_C	794_C	szulgai
terra		436_C	437_C	476_C	486_C	496_T	516_C	536_A	537_C	546_C	547_A	548_A	549_G	550_A	566_G	567_C	586_G	587_C	588_C	596_G	597_G	606_G	616_C	626_T	636_G	646_A	676_C	686_T	687_C	688_G	696_C	697_C	706_C	746_C	756_T	786_C	796_C	806_G	terrae
terra		474_C	494_C	495_T	514_C	534_A	535_C	544_C	545_A	546_A	547_G	554_A	564_G	565_C	584_G	585_C	586_C	594_G	595_G	604_G	614_C	624_T	644_G	645_A	674_C	684_T	685_C	694_G	695_C	696_C	704_C	744_C	764_T	terrae
terra		435_C	436_C	475_C	485_C	495_T	515_C	535_A	536_C	545_C	546_A	547_A	548_G	549_A	565_G	566_C	585_G	586_C	587_C	595_G	596_G	605_G	615_C	625_T	635_G	645_A	675_C	685_T	686_C	687_G	695_C	696_C	705_C	745_C	755_T	785_C	795_C	805_G	terrae
terra		433_C	443_C	473_C	493_C	494_T	513_C	533_A	543_C	544_C	545_A	546_A	547_G	553_A	563_G	564_C	583_G	584_C	593_C	594_G	595_G	603_G	613_C	623_T	643_G	644_A	673_C	683_T	684_C	693_G	694_C	695_C	703_C	743_C	763_T	793_C	794_C	803_G	terrae
therm		433_C	443_C	453_T	473_G	474_A	475_C	493_C	503_C	513_C	514_C	523_C	533_T	543_C	544_G	545_A	546_A	547_G	553_A	554_T	555_T	573_G	583_C	593_G	594_G	603_G	613_C	614_C	615_T	616_C	643_T	644_C	645_G	673_C	683_C	684_A	685_A	686_C	693_C	703_C	704_C	713_C	714_A	715_G	723_G	724_T	743_C	763_T	783_G	784_C	785_G	793_C	794_T	thermoresistibile
timon		432_C	472_G	473_A	474_C	492_C	493_T	512_G	522_G	532_T	542_C	562_T	572_C	582_G	592_G	602_G	612_C	642_T	643_C	644_G	652_A	672_C	673_C	682_T	692_G	702_C	712_G	752_C	792_C	793_C	timonense
tokai		436_C	476_C	486_T	496_G	506_C	516_C	517_C	536_C	537_C	546_A	566_T	586_C	587_C	596_G	606_G	616_A	626_G	627_A	636_G	637_G	638_G	646_C	647_C	648_A	656_C	657_C	658_A	666_C	676_C	677_C	686_T	687_C	688_G	689_C	696_C	697_C	698_C	706_A	716_C	736_C	746_C	756_T	786_C	796_C	tokaiense
tokai		433_C	473_C	483_T	503_G	504_C	513_C	514_C	533_C	543_C	553_A	563_T	583_C	593_C	594_G	603_G	623_A	624_G	633_A	634_G	635_G	643_G	644_C	645_C	646_A	653_C	654_C	655_A	673_C	674_C	683_C	684_T	685_C	693_G	694_C	695_C	696_C	703_C	713_A	714_C	733_C	743_C	763_T	793_C	794_C	tokaiense
tripl		436_C	466_G	476_A	477_C	486_C	506_G	526_G	536_T	537_C	538_C	546_C	547_A	548_A	549_G	556_T	586_G	587_C	596_G	606_G	616_C	626_A	636_G	646_T	647_C	648_G	656_C	676_C	686_G	687_G	688_G	689_C	696_C	697_C	706_C	716_G	746_C	786_C	796_C	triplex
tripl		433_C	473_G	474_A	475_C	493_C	513_G	523_G	533_T	543_C	544_C	545_C	546_A	547_A	548_G	553_T	583_G	593_C	594_G	603_G	613_C	623_A	643_G	644_T	645_C	646_G	653_C	673_C	683_G	684_G	693_G	694_C	695_C	696_C	703_C	713_G	743_C	793_C	794_C	triplex
tripl		431_C	471_G	472_A	473_C	491_C	511_G	521_G	531_T	541_C	542_C	543_C	544_A	545_A	551_G	552_T	581_G	591_C	592_G	611_G	612_C	621_A	641_G	642_T	643_C	644_G	651_C	671_C	681_G	691_G	692_G	693_C	694_C	701_C	702_C	711_G	751_C	791_C	792_C	triplex
trivi		436_C	466_G	476_A	477_C	486_C	496_T	516_C	526_C	536_C	546_G	566_C	567_G	586_A	587_G	588_C	596_G	597_G	606_G	607_G	608_C	616_A	617_C	618_C	626_A	627_G	656_A	657_G	676_C	677_T	686_C	687_G	696_C	697_C	698_C	706_G	725_G	745_C	755_T	775_G	785_C	786_G	787_C	795_C	triviale
trivi		436_C	466_G	476_A	477_C	486_C	496_T	516_C	526_C	536_C	546_G	566_C	567_G	586_A	587_G	588_C	596_G	597_G	606_G	607_G	608_C	616_A	617_C	618_C	626_A	627_G	656_A	657_G	676_C	677_T	686_C	687_G	696_C	697_C	698_C	706_G	725_G	745_C	755_T	775_G	785_C	786_G	787_C	795_C	triviale
trivi		435_C	465_G	475_A	476_C	485_C	495_T	515_C	525_C	535_C	545_G	565_C	575_G	585_A	586_G	587_C	595_G	596_G	605_G	606_G	607_C	615_A	616_C	617_C	625_A	626_G	655_A	656_G	675_C	676_T	685_C	686_G	695_C	696_C	697_C	705_G	724_G	744_C	764_T	774_G	784_C	785_G	794_C	795_C	triviale
trivi		433_C	473_G	474_A	475_C	493_C	494_T	513_C	533_C	543_C	544_G	563_C	573_G	583_A	584_G	593_C	594_G	595_G	603_G	604_G	613_C	614_A	615_C	616_C	623_A	624_G	653_A	654_G	673_C	683_T	684_C	693_G	694_C	695_C	703_C	704_G	722_G	752_C	762_T	782_G	783_C	784_G	792_C	793_C	triviale
tuber		tuberculosis
tuber		tuberculosis
tuber		tuberculosis
tusci		433_C	453_T	473_C	493_C	503_G	504_C	513_C	514_C	523_C	533_T	534_A	543_C	544_C	553_T	563_G	564_C	573_A	593_C	594_G	603_G	613_C	623_A	633_G	643_G	644_T	645_C	646_G	673_C	683_T	684_C	693_C	694_C	695_C	703_C	721_C	722_G	723_C	731_C	751_C	761_T	791_C	792_C	801_G	tusciae
ulcer		436_C	446_T	456_T	466_G	476_A	477_T	486_C	496_G	506_G	536_C	546_C	547_A	548_A	549_G	550_A	566_T	576_T	596_G	597_G	606_G	616_A	617_C	646_A	647_T	648_C	649_G	656_A	676_C	686_G	687_C	696_C	697_C	698_C	706_C	716_G	717_C	786_C	796_C	ulcerans
ulcer		435_C	455_T	456_T	465_G	475_A	476_T	485_C	495_G	515_G	535_C	545_C	546_A	547_A	548_G	549_A	565_T	575_T	595_G	596_G	605_G	615_A	616_C	645_A	646_T	647_C	648_G	655_A	675_C	685_G	695_C	696_C	697_C	698_C	705_C	715_G	716_C	785_C	795_C	ulcerans
ulcer		431_C	451_T	461_T	471_G	472_A	473_T	491_C	492_G	511_G	541_C	542_C	543_A	544_A	551_G	552_A	561_T	571_T	591_G	592_G	611_G	612_A	613_C	641_A	642_T	643_C	644_G	651_A	671_C	681_G	691_C	692_C	701_C	702_C	703_C	711_G	721_C	ulcerans
vacca		436_C	456_T	476_C	486_C	496_G	506_C	516_C	517_C	526_C	536_T	537_T	538_C	546_A	566_A	586_C	596_G	597_T	606_G	616_T	617_C	618_G	619_C	626_T	627_C	636_T	637_G	638_G	646_T	647_C	648_G	676_T	677_T	686_G	696_C	697_C	698_C	706_C	713_C	723_G	724_C	733_C	743_C	763_T	783_G	793_C	794_C	vaccae
vacca		433_C	453_T	473_C	493_C	503_G	504_C	513_C	514_C	533_C	534_T	535_T	543_C	553_A	563_A	593_C	594_G	595_T	603_G	613_T	614_C	623_G	624_C	625_T	633_C	634_T	635_G	643_G	644_T	645_C	646_G	673_T	683_T	684_G	693_C	694_C	703_C	704_C	720_C	721_G	722_C	740_C	750_C	760_T	780_G	790_C	791_C	vaccae
vanba		442_C	452_T	472_G	473_A	474_T	482_T	492_C	502_C	512_C	513_C	532_C	533_A	542_C	543_C	544_T	552_T	562_G	572_C	592_C	593_G	602_G	612_C	632_G	642_G	643_T	644_C	645_G	672_C	682_T	692_C	693_C	702_C	703_C	719_C	720_G	721_C	739_C	749_C	759_T	779_A	780_G	789_C	790_C	vanbaalenii
vanba		443_C	453_T	473_G	474_A	475_T	483_T	493_C	503_C	513_C	514_C	533_C	534_A	543_C	544_C	545_T	553_T	563_G	564_C	593_C	594_G	603_G	613_C	633_G	643_G	644_T	645_C	646_G	673_C	683_T	684_C	693_C	703_C	704_C	720_C	721_G	722_C	740_C	750_C	760_T	780_A	781_G	790_C	791_C	vanbaalenii
vulne		433_C	443_C	473_G	474_A	475_C	493_C	494_T	513_G	523_G	524_T	543_C	583_G	593_G	594_G	603_G	613_C	643_T	644_C	645_G	673_C	674_C	683_T	693_C	694_C	703_C	713_G	743_C	783_T	793_C	794_C	vulneris
wolin		433_C	453_T	473_C	493_C	503_C	513_C	514_C	523_T	524_T	533_T	543_C	553_A	554_T	593_C	594_G	595_G	603_G	613_C	633_G	643_G	644_A	653_G	673_C	683_T	684_C	693_G	694_T	695_C	696_C	703_C	713_C	733_C	743_C	763_T	783_A	784_G	793_C	794_C	803_G	wolinskyi
wolin		435_C	455_T	475_C	485_C	505_C	515_C	516_C	525_T	526_T	535_T	536_C	545_A	555_T	585_C	595_G	596_G	605_G	615_C	635_G	636_G	645_A	655_G	675_C	676_T	685_C	686_G	695_T	696_C	697_C	698_C	715_C	735_C	745_C	755_T	775_A	776_G	785_C	795_C	805_G	wolinskyi
wolin		433_C	453_T	473_C	493_C	503_C	513_C	514_C	523_T	524_T	533_T	543_C	553_A	554_T	593_C	594_G	595_G	603_G	613_C	633_G	643_G	644_A	653_G	673_C	683_T	684_C	693_G	694_T	695_C	696_C	703_C	713_C	733_C	743_C	763_T	783_A	784_G	793_C	794_C	803_G	wolinskyi
xenop		436_C	437_C	466_G	476_A	477_C	486_C	506_G	507_G	516_G	536_G	537_C	546_C	547_A	548_A	549_A	550_A	566_C	567_G	576_G	586_G	587_C	588_G	596_G	597_T	598_G	646_A	647_C	648_G	656_A	676_C	677_C	686_G	687_G	688_C	696_C	697_C	706_G	716_G	726_T	746_C	786_C	796_C	xenopi
xenop		435_C	436_C	465_G	475_A	476_C	485_C	505_G	515_G	516_G	535_G	536_C	545_C	546_A	547_A	548_A	549_A	565_C	575_G	576_G	585_G	586_C	587_G	595_G	596_T	605_G	645_A	646_C	647_G	655_A	675_C	676_C	685_G	686_G	695_C	696_C	697_C	705_G	715_G	725_T	745_C	785_C	795_C	xenopi
abes__	440_C	461_T	473_G	476_A	479_T	494_C	503_G	518_C	521_C	530_T	533_T	542_C	543_C	548_C	549_A	550_A	551_G	554_A	557_T	563_T	572_C	593_C	596_G	599_G	611_G	620_C	638_G	644_G	648_A	680_C	689_G	692_C	694_G	695_T	698_C	701_C	707_C	722_C	740_C	752_T	764_T	794_C	797_C	806_G	abes
brum__	431_C	440_C	461_T	473_G	476_A	479_C	494_C	503_G	506_C	518_C	521_C	536_T	542_C	543_C	554_A	557_T	593_C	599_G	611_G	620_C	624_C	626_C	627_A	637_A	644_G	648_T	649_C	680_C	692_C	694_G	698_C	701_T	707_C	714_A	722_C	740_C	752_C	764_T	794_C	797_C	806_G	brum
chel__	440_C	461_T	473_G	476_A	479_T	491_T	494_C	503_G	515_T	518_T	521_C	533_T	542_T	543_C	548_C	549_A	550_A	551_G	554_A	557_T	563_T	572_T	593_C	596_G	599_G	611_G	624_G	625_C	626_C	633_A	634_G	635_C	636_T	638_T	644_G	645_G	647_C	648_T	649_C	660_A	662_T	665_C	680_C	692_G	694_G	695_C	698_C	701_C	725_T	740_C	752_C	764_T	794_C	797_C	806_G	chel
chit__	440_C	473_G	476_A	479_C	491_T	494_C	506_C	518_C	521_C	530_T	543_C	554_A	557_T	593_C	596_G	599_G	611_G	620_C	625_C	626_C	630_T	632_G	637_A	648_T	649_C	650_G	680_C	683_C	692_C	694_G	698_C	701_C	707_C	711_A	712_C	713_C	714_A	740_C	764_T	794_C	797_C	806_G	chit
conf__	440_C	461_T	479_C	494_C	503_T	506_C	518_C	521_C	533_C	542_T	543_C	554_A	557_G	572_C	593_C	596_G	599_G	611_G	620_C	627_A	631_G	645_G	646_C	648_T	649_C	650_G	659_A	660_A	665_T	680_C	683_T	686_T	692_T	694_G	695_T	698_C	701_T	704_T	707_C	714_A	740_C	752_C	764_T	794_C	797_C	806_G	conf
fort__	440_C	461_T	467_C	479_C	494_C	503_G	506_C	518_C	521_C	530_T	536_A	542_C	543_C	551_T	554_A	557_T	572_T	593_C	596_G	599_G	611_G	620_C	638_G	644_G	648_A	662_G	680_C	683_T	692_C	694_G	695_T	698_C	701_C	704_C	740_C	752_C	764_T	783_A	784_G	794_C	797_C	806_G	fort
muco__	440_C	461_T	473_G	476_A	479_T	491_G	494_C	503_T	506_C	518_C	521_C	542_C	543_C	554_A	572_T	593_C	596_G	599_G	611_G	620_C	624_G	625_C	626_T	633_A	636_G	637_G	644_G	645_G	646_C	647_T	648_T	649_C	680_C	683_T	692_C	694_G	698_C	704_C	722_C	740_C	752_C	764_T	783_A	784_G	794_C	797_C	806_G	muco
pere__	440_C	461_T	479_C	494_C	503_G	518_C	521_C	530_T	542_C	543_C	554_A	557_T	572_T	593_C	596_G	599_G	611_G	617_T	620_C	641_C	644_G	648_T	649_C	662_G	680_C	683_T	692_C	694_G	695_T	698_C	701_C	704_C	707_A	722_C	740_C	752_C	764_T	783_A	784_G	794_C	806_G	pere
sene__	440_C	461_T	467_C	479_C	494_C	503_G	506_C	518_C	521_C	530_T	542_C	543_C	554_A	557_T	572_T	593_C	596_G	599_G	611_G	620_C	638_G	648_A	662_G	680_C	683_T	692_C	694_G	695_T	698_C	701_C	704_C	740_C	752_C	764_T	783_A	784_G	794_C	797_C	806_G	sene
smeg__	434_C	440_C	443_C	458_T	461_T	467_C	479_C	494_C	497_T	503_T	506_C	518_C	521_C	530_C	536_T	542_C	543_C	554_A	572_T	593_C	596_G	599_G	611_G	620_C	644_G	648_T	649_C	662_G	680_C	683_T	692_C	694_G	695_T	698_C	701_C	704_C	722_C	740_C	752_C	764_T	797_C	smeg
